"","work_x","composer_x","work_key"
"8048","A Christmas Carol","Musgrave","Q54995687"
"8049","A Christmas Carol","Musgrave","Q54992096"
"8050","A Christmas Carol","Musgrave","Q54996354"
"7800","A Flowering Tree","Adams","Q2148578"
"2279","A Midsummer Night's Dream","Britten","Q605750"
"1950","A Streetcar Named Desire","Previn","Q4659869"
"21296","A View from the Bridge","Bolcom","Q54992434"
"28417","A Water Bird Talk","Argento","Q54990704"
"28639","A Wedding","Bolcom","Q4660603"
"59276","A Wrinkle in Time","Larsen","Q54996261"
"1245","Acis and Galatea","Handel","Q341482"
"41328","Adelia","Donizetti","Q503582"
"643","Adriana Lecouvreur","Cilea","Q375063"
"19693","Adriana Mater","Saariaho","Q2825066"
"9680","Agrippina","Handel","Q397041"
"476","Aida","Verdi","Q171277"
"9685","Ainadamar","Golijov","Q4697384"
"5112","Akhnaten","Glass","Q417738"
"9975","Albert Herring","Britten","Q577825"
"17668","Alceste","Gluck","Q2019911"
"17666","Alceste","Gluck","Q2640248"
"17667","Alceste","Gluck","Q1046495"
"2417","Alcina","Handel","Q275627"
"6124","Aleko","Rachmaninoff","Q927503"
"12250","Alice in Wonderland","Chin","Q54996228"
"12251","Alice in Wonderland","Chin","Q54993321"
"12252","Alice in Wonderland","Chin","Q2622334"
"19977","Alice in Wonderland","Westergaard","Q54996228"
"19978","Alice in Wonderland","Westergaard","Q54993321"
"19979","Alice in Wonderland","Westergaard","Q2622334"
"12317","Almira","Handel","Q1547158"
"40426","Alzira","Verdi","Q450801"
"13775","Amadigi di Gaula","Handel","Q452022"
"759","Amahl and the Night Visitors","Menotti","Q452523"
"9111","Andrea Chénier","Giordano","Q493656"
"1512","Anna Bolena","Donizetti","Q559848"
"15408","Anna Karenina","Carlson","Q4767139"
"15407","Anna Karenina","Carlson","Q4767140"
"36889","Anoush","Tigranian","Q4770434"
"16354","Antony and Cleopatra","Barber","Q4777266"
"6527","Appomattox","Glass","Q2858869"
"899","Arabella","Strauss","Q390779"
"1156","Ariadne auf Naxos","Strauss","Q654633"
"410","Ariodante","Handel","Q662514"
"14451","Armida","Rossini","Q777578"
"49151","Armida","Haydn","Q238762"
"6835","Armide","Lully","Q777582"
"6836","Armide","Lully","Q1361941"
"12224","Attila","Verdi","Q211460"
"4374","Babes in Toyland","Herbert","Q1563380"
"59068","Barbe-bleue","Offenbach","Q373076"
"11643","Beatrice di Tenda","Bellini","Q791658"
"6452","Becoming Santa Claus","Adamo","Q21775670"
"32091","Benvenuto Cellini","Berlioz","Q277846"
"43200","Betrothal in a Monastery","Prokofiev","Q2629201"
"3857","Billy Budd","Britten","Q803767"
"10743","Blue Monday","Gershwin","Q4929437"
"563","Bluebeard's Castle","Bartók","Q55063858"
"564","Bluebeard's Castle","Bartók","Q249749"
"39850","Bon Appétit!","Hoiby","Q14496577"
"18126","Brief Encounter","Previn","Q4967023"
"17200","Brundibár","Krása","Q565663"
"22180","Béatrice et Bénédict","Berlioz","Q791661"
"5599","Capriccio","Strauss","Q1034949"
"103","Carmen","Bizet","Q185968"
"17072","Casanova's Homecoming","Argento","Q5048021"
"894","Cavalleria rusticana","Mascagni","Q221806"
"893","Cavalleria rusticana","Mascagni","Q21077656"
"2793","Cendrillon","Isouard","Q1371386"
"672","Cendrillon","Massenet","Q1371386"
"2162","Champion","Blanchard","Q13554491"
"9050","Cinderella","Rodgers","Q1092280"
"40888","Cinderella","Barab","Q12046368"
"24220","Cinderella","Massenet","Q1371386"
"2547","Cinderella","Rossini","Q176700"
"33537","Comedy on the Bridge","Martinu","Q5151499"
"70","Così fan tutte","Mozart","Q207410"
"19717","Curlew River","Britten","Q615696"
"3058","Cyrano","DiChiera","Q50358475"
"3057","Cyrano","DiChiera","Q5200576"
"3059","Cyrano","DiChiera","Q5200574"
"4176","Cyrano de Bergerac","Alfano","Q967946"
"4175","Cyrano de Bergerac","Alfano","Q20057186"
"21856","Daphne","Strauss","Q1165496"
"19655","Das Liebesverbot","Wagner","Q174392"
"441","Das Rheingold","Wagner","Q327717"
"60251","Das verratene Meer","Henze","Q5226490"
"578","Dead Man Walking","Heggie","Q2708992"
"15083","Death in Venice","Britten","Q630476"
"4174","Der Rosenkavalier","Strauss","Q471240"
"10329","Der Vampyr","Marschner","Q253866"
"4413","Der Zwerg","Zemlinsky","Q1198242"
"4518","Dialogues of the Carmelites","Poulenc","Q1208527"
"2481","Dido and Aeneas","Purcell","Q746646"
"4995","Die Entführung aus dem Serail","Mozart","Q210711"
"1321","Die Fledermaus","Strauss, Jr.","Q464930"
"10031","Die Frau ohne Schatten","Strauss","Q1143019"
"16119","Die Gezeichneten","Schreker","Q1213033"
"8867","Die Kluge","Orff","Q1213962"
"6508","Die Meistersinger von Nürnberg","Wagner","Q465540"
"296","Die Walküre","Wagner","Q324319"
"61230","Die schweigsame Frau","Strauss","Q1219379"
"6390","Die tote Stadt","Korngold","Q1219611"
"37472","Die ägyptische Helena","Strauss","Q1220040"
"19488","Djamileh","Bizet","Q912017"
"1175","Doctor Atomic","Adams","Q1233821"
"30285","Doktor Faust","Busoni","Q1235069"
"7549","Don Carlos","Verdi","Q179110"
"19878","Don Giovanni","Gazzaniga","Q192039"
"224","Don Giovanni","Mozart","Q192039"
"222","Don Pasquale","Donizetti","Q723941"
"5068","Don Quichotte","Massenet","Q727793"
"9100","Don Quixote","Massenet","Q54991218"
"50652","Down in the Valley","Weill","Q5302976"
"20325","Edgar","Puccini","Q1351"
"10318","Einstein on the Beach","Glass","Q2291287"
"12657","Elegy for Young Lovers","Henze","Q3050642"
"536","Elektra","Strauss","Q731927"
"7607","Elmer Gantry","Aldridge","Q5366558"
"34342","Ermione","Rossini","Q936702"
"7477","Ernani","Verdi","Q211279"
"18574","Erwartung","Schönberg","Q1362653"
"27758","Esclarmonde","Massenet","Q2550219"
"288","Eugene Onegin","Tchaikovsky","Q50956"
"52","Falstaff","Verdi","Q30599069"
"51","Falstaff","Verdi","Q318455"
"50","Falstaff","Verdi","Q1168413"
"6","Faust","Gounod","Q1126880"
"5","Faust","Gounod","Q745951"
"41124","Fedora","Giordano","Q1400824"
"155","Fidelio","Beethoven","Q193778"
"13731","Four Saints in Three Acts","Thomson","Q5475468"
"11115","Francesca da Rimini","Rachmaninoff","Q2718706"
"11116","Francesca da Rimini","Rachmaninoff","Q2418863"
"17002","From the House of the Dead","Janácek","Q777727"
"5789","Galileo Galilei","Glass","Q3094742"
"737","Gianni Schicchi","Puccini","Q727868"
"16006","Giasone","Cavalli","Q2245661"
"5555","Gilgamesh","Prestini","Q75502"
"5554","Gilgamesh","Prestini","Q75352"
"10426","Giovanna d'Arco","Verdi","Q55064202"
"10427","Giovanna d'Arco","Verdi","Q757134"
"2790","Girls of the Golden West","Adams","Q25218948"
"19653","Giulio Cesare in Egitto","Handel","Q389775"
"19654","Giulio Cesare in Egitto","Handel","Q875563"
"33197","Goyescas","Granados","Q3077271"
"13716","Griselda","Scarlatti","Q2330994"
"13714","Griselda","Scarlatti","Q5609623"
"13713","Griselda","Scarlatti","Q1547049"
"13715","Griselda","Scarlatti","Q1028221"
"45510","Guillaume Tell","Rossini","Q5616076"
"193","Götterdämmerung","Wagner","Q272029"
"1329","H.M.S. Pinafore","Sullivan","Q1197244"
"22846","Halka","Moniuszko","Q592291"
"3614","Hamlet","Thomas","Q631016"
"3615","Hamlet","Thomas","Q42306683"
"38","Hansel and Gretel","Humperdinck","Q1099668"
"5028","Hansel and Gretel","Bruce","Q1099668"
"47858","Harvey Milk","Wallace","Q3783582"
"3741","Hydrogen Jukebox","Glass","Q3143733"
"5146","Hérodiade","Massenet","Q1989023"
"8557","I Capuleti e i Montecchi","Bellini","Q1071307"
"20324","I due Foscari","Verdi","Q468112"
"14355","I lombardi alla prima crociata","Verdi","Q468625"
"25199","I masnadieri","Verdi","Q466338"
"2250","I puritani","Bellini","Q470886"
"28972","I vespri siciliani","Verdi","Q17082432"
"59323","Idiots First","Blitzstein","Q54992326"
"7091","Il Barbiere di Siviglia","Paisiello","Q3793081"
"9432","Il Corsaro","Verdi","Q467289"
"18014","Il Giuramento","Mercadante","Q1469058"
"24299","Il Maestro di Cappella","Cimarosa","Q467311"
"24300","Il Maestro di Cappella","Cimarosa","Q11926491"
"34803","Il Pirata","Bellini","Q467292"
"5762","Il Postino","Catán","Q9007961"
"892","Il barbiere di Siviglia","Rossini","Q3793081"
"11427","Il matrimonio segreto","Cimarosa","Q428319"
"17899","Il re pastore","Mozart","Q21086138"
"17901","Il re pastore","Mozart","Q470899"
"17898","Il re pastore","Mozart","Q18351026"
"17900","Il re pastore","Mozart","Q3795500"
"738","Il tabarro","Puccini","Q468235"
"32","Il trovatore","Verdi","Q203470"
"6116","Il turco in Italia","Rossini","Q477643"
"30507","Il viaggio a Reims","Rossini","Q470983"
"30035","Imeneo","Handel","Q1659804"
"3790","Intermezzo","Strauss","Q1474467"
"562","Iolanta","Tchaikovsky","Q1043372"
"25385","Iolanthe","Sullivan","Q3154075"
"14456","Iphigénie en Tauride","Gluck","Q687822"
"14455","Iphigénie en Tauride","Gluck","Q784166"
"14458","Iphigénie en Tauride","Gluck","Q3801573"
"14457","Iphigénie en Tauride","Gluck","Q784166"
"756","It's A Wonderful Life","Heggie","Q39074124"
"47066","Jackie O","Daugherty","Q3805719"
"9253","Jérusalem","Verdi","Q914332"
"12662","Khovanshchina","Mussorgsky","Q917711"
"12108","King Roger","Szymanowski","Q3041659"
"59443","Kullervo","Sallinen","Q11873263"
"47043","Königskinder","Humperdinck","Q1413471"
"14513","L'Africaine","Meyerbeer","Q784719"
"4998","L'Amour de loin","Saariaho","Q1093081"
"6593","L'Enfant et les sortilèges","Ravel","Q267467"
"6128","L'Heure espagnole","Ravel","Q593319"
"15617","L'amico Fritz","Mascagni","Q578706"
"24616","L'amore dei tre re","Montemezzi","Q2342484"
"3611","L'arbore di Diana","Martin y Soler","Q6455890"
"22925","L'arlesiana","Cilea","Q2288398"
"3621","L'assedio di Calais","Donizetti","Q846737"
"435","L'elisir d'amore","Donizetti","Q332536"
"46596","L'isola disabitata","Haydn","Q468384"
"2493","L'italiana in Algeri","Rossini","Q589932"
"24391","L'Étoile","Chabrier","Q1197145"
"33158","La Belle Hélène","Offenbach","Q1219408"
"50375","La Belle et la bête","Glass","Q3206620"
"3596","La Calisto","Cavalli","Q536064"
"1260","La Cenerentola","Rossini","Q176700"
"17122","La Damnation de Faust","Berlioz","Q1144992"
"6252","La Favorite","Donizetti","Q467394"
"504","La Fille du régiment","Donizetti","Q729568"
"19493","La Gioconda","Ponchielli","Q748840"
"32259","La Juive","Halévy","Q339043"
"15189","La Navarraise","Massenet","Q2709440"
"3920","La Pietra del paragone","Rossini","Q471573"
"12591","La Périchole","Offenbach","Q730336"
"22042","La Vie Parisienne","Offenbach","Q1807287"
"3394","La Voix humaine","Poulenc","Q36084"
"7863","La Wally","Catalani","Q654861"
"49","La bohème","Puccini","Q984983"
"48","La bohème","Puccini","Q188621"
"305","La clemenza di Tito","Mozart","Q578526"
"304","La clemenza di Tito","Mozart","Q11930981"
"303","La clemenza di Tito","Mozart","Q3500574"
"302","La clemenza di Tito","Mozart","Q18344619"
"301","La clemenza di Tito","Mozart","Q30600785"
"9374","La descente d'Orphée aux Enfers","Charpentier","Q6466096"
"7627","La donna del lago","Rossini","Q220699"
"937","La fanciulla del West","Puccini","Q460319"
"6959","La finta giardiniera","Mozart","Q3822417"
"6960","La finta giardiniera","Mozart","Q785991"
"15193","La forza del destino","Verdi","Q212451"
"1352","La gazzetta","Rossini","Q55064263"
"1351","La gazzetta","Rossini","Q509761"
"4100","La hija de Rappaccini","Catán","Q54999578"
"1020","La rondine","Puccini","Q845556"
"38471","La serva padrona","Pergolesi","Q378237"
"38472","La serva padrona","Pergolesi","Q21086206"
"9182","La sonnambula","Bellini","Q753123"
"2914","La straniera","Bellini","Q785347"
"7","La traviata","Verdi","Q186162"
"7286","Lakmé","Delibes","Q776107"
"12190","Le 66","Offenbach","Q6506507"
"6845","Le Cid","Massenet","Q899440"
"8766","Le Comte Ory","Rossini","Q734560"
"29328","Le Grand Macabre","Ligeti","Q1062427"
"26888","Le Portrait de Manon","Massenet","Q931054"
"8407","Le Villi","Puccini","Q845606"
"4636","Leonore","Beethoven","Q2108712"
"4083","Les Enfants terribles","Glass","Q3232408"
"38160","Les Huguenots","Meyerbeer","Q466848"
"4076","Les Indes galantes","Rameau","Q583297"
"6077","Les Mamelles de Tirésias","Poulenc","Q4692200"
"5082","Les Troyens","Berlioz","Q472325"
"54142","Les Vêpres Siciliennes","Verdi","Q471645"
"3167","Les contes d'Hoffmann","Offenbach","Q335012"
"43923","Lilith","Drattell","Q6547856"
"42321","Linda di Chamounix","Donizetti","Q669382"
"5729","Little Red Riding Hood","Barab","Q6651499"
"3086","Little Women","Adamo","Q6652566"
"10048","Lizzie Borden","Beeson","Q6660681"
"11757","Lohengrin","Wagner","Q6667986"
"11756","Lohengrin","Wagner","Q23085"
"41730","Louise","Charpentier","Q286488"
"1644","Lucia di Lammermoor","Donizetti","Q244209"
"6792","Lucio Silla","Mozart","Q943913"
"19180","Lucrezia Borgia","Donizetti","Q685501"
"1842","Luisa Miller","Verdi","Q545265"
"15896","Lulu","Berg","Q837545"
"15897","Lulu","Berg","Q20108390"
"8589","Macbeth","Bloch","Q320363"
"1899","Macbeth","Verdi","Q21197472"
"8590","Macbeth","Bloch","Q21197472"
"1898","Macbeth","Verdi","Q320363"
"859","Madama Butterfly","Puccini","Q19005"
"2890","Manon","Massenet","Q842063"
"466","Manon Lescaut","Puccini","Q751371"
"467","Manon Lescaut","Puccini","Q459341"
"12105","Maometto II","Rossini","Q1417349"
"43857","Marco Polo","Dun","Q6757680"
"19367","Margaret Garner","Danielpour","Q6759437"
"19294","Maria Padilla","Donizetti","Q756150"
"6091","Maria Stuarda","Donizetti","Q377685"
"6092","Maria Stuarda","Donizetti","Q3847534"
"2342","Maria di Rohan","Donizetti","Q732789"
"17720","Marina","Arrieta","Q9029060"
"36044","Marino Faliero","Donizetti","Q914165"
"59426","Martha","von Flotow","Q168488"
"51453","Masquerade","Nielsen","Q55064701"
"42506","May Night","Rimsky-Korsakov","Q260296"
"24878","Mazeppa","Tchaikovsky","Q1081440"
"57606","McTeague","Bolcom","Q17064770"
"1821","Medea","Cherubini","Q577758"
"33194","Medea","Bennett","Q577758"
"791","Mefistofele","Boito","Q935669"
"27772","Mignon","Thomas","Q657595"
"37446","Mitridate, re di Ponto","Mozart","Q62338"
"523","Moby-Dick","Heggie","Q3317708"
"32128","Moses und Aron","Schönberg","Q1661920"
"16110","Mosè in Egitto","Rossini","Q583156"
"18343","Motezuma","Vivaldi","Q11937446"
"18342","Motezuma","Vivaldi","Q1949643"
"18344","Motezuma","Vivaldi","Q6917206"
"1222","Nabucco","Verdi","Q202230"
"33040","Nicholas and Alexandra","Drattell","Q48772833"
"4871","Nixon in China","Adams","Q1146706"
"221","Norma","Bellini","Q320353"
"2913","Noye's Fludde","Britten","Q1218977"
"38180","Oberto","Verdi","Q636873"
"61213","Oedipus","Rihm","Q54990926"
"31681","Oedipus rex","Stravinsky","Q1891546"
"4265","Of Mice and Men","Floyd","Q8012905"
"24750","Orazi e Curiazi","Mercadante","Q3884892"
"7062","Orfeo","Monteverdi","Q3885598"
"7063","Orfeo","Monteverdi","Q1118131"
"1221","Orfeo ed Euridice","Gluck","Q3885615"
"106","Orlando","Handel","Q946701"
"35330","Orlando Paladino","Haydn","Q910595"
"1462","Orpheus and Eurydice","Gluck","Q4337231"
"1463","Orpheus and Eurydice","Gluck","Q723776"
"3000","Orpheus in the Underworld","Offenbach","Q1137065"
"8995","Orphée","Glass","Q16930565"
"8996","Orphée","Glass","Q3356654"
"12461","Orphée et Euridice","Gluck","Q48651132"
"149","Otello","Verdi","Q172324"
"8213","Otello","Rossini","Q172324"
"8212","Otello","Rossini","Q925332"
"148","Otello","Verdi","Q925332"
"4861","Our Town","Rorem","Q7111217"
"18034","Owen Wingrave","Britten","Q736246"
"786","Pagliacci","Leoncavallo","Q248644"
"2262","Parsifal","Wagner","Q220340"
"8282","Partenope","Handel","Q954048"
"4073","Patience","Sullivan","Q3897647"
"26464","Paul Bunyan","Britten","Q736746"
"625","Pelléas et Mélisande","Debussy","Q368019"
"10238","Peter Grimes","Britten","Q780331"
"13959","Phaedra","Henze","Q2084699"
"2029","Piramo e Tisbe","Hasse","Q7197704"
"21818","Platée","Rameau","Q1376222"
"44432","Poliuto","Donizetti","Q240295"
"1145","Porgy and Bess","Gershwin","Q740920"
"9208","Postcard from Morocco","Argento","Q3909450"
"6326","Powder Her Face","Adès","Q7235981"
"18573","Prima la musica e poi le parole","Salieri","Q370008"
"9443","Prince Igor","Borodin","Q275354"
"9442","Prince Igor","Borodin","Q55064700"
"19663","Radamisto","Handel","Q1713359"
"14","Regina","Blitzstein","Q1431923"
"16","Regina","Blitzstein","Q5494819"
"15","Regina","Blitzstein","Q54992356"
"36868","Resurrection","Machover","Q7316523"
"59352","Rienzi","Wagner","Q689441"
"204","Rigoletto","Verdi","Q189234"
"1768","Rinaldo","Handel","Q767249"
"22804","Rise and Fall of the City of Mahagonny","Weill","Q760054"
"15626","Rita","Donizetti","Q838597"
"1108","Roberto Devereux","Donizetti","Q672708"
"3625","Robin Hood","Moore","Q7352497"
"3624","Robin Hood","Moore","Q7352499"
"3623","Robin Hood","Moore","Q15617197"
"7912","Rodelinda","Handel","Q641095"
"10796","Rodrigo","Handel","Q1576427"
"22242","Romulus","Karchin","Q55064162"
"639","Roméo et Juliette","Gounod","Q918714"
"55861","Rose-Marie","Friml","Q2001175"
"105","Rusalka","Dvorák","Q729709"
"44384","Ruslan and Lyudmila","Glinka","Q522408"
"35041","Saint François d'Assise","Messiaen","Q2605813"
"2428","Salome","Strauss","Q723407"
"1758","Samson and Delilah","Saint-Saëns","Q753152"
"852","Satyagraha","Glass","Q3057300"
"6574","Savitri","Holst","Q3474583"
"2105","Semiramide","Rossini","Q8011706"
"2104","Semiramide","Rossini","Q900744"
"2102","Semiramide","Rossini","Q16601476"
"2103","Semiramide","Rossini","Q3955083"
"1079","Serse","Handel","Q1069133"
"208","Siegfried","Wagner","Q333146"
"5359","Simon Boccanegra","Verdi","Q548161"
"35811","Sly","Wolf-Ferrari","Q1140351"
"23902","Sophie's Choice","Maw","Q15990890"
"16809","Stiffelio","Verdi","Q371584"
"8646","Street Scene","Weill","Q2355342"
"7713","Sumeida's Song","Fairouz","Q7637067"
"739","Suor Angelica","Puccini","Q769394"
"30","Susannah","Floyd","Q5790163"
"17052","Tamerlano","Handel","Q2164275"
"4736","Tancredi","Rossini","Q911443"
"7690","Tannhäuser","Wagner","Q560619"
"22079","Tartuffe","Mechem","Q7686879"
"10842","Tea: A Mirror of Soul","Dun","Q3981812"
"12412","Teseo","Handel","Q1419652"
"23145","Thaïs","Massenet","Q1144467"
"18564","The Adventures of Pinocchio","Dove","Q7712611"
"1395","The Ballad of Baby Doe","Moore","Q7715398"
"965","The Barber of Seville","Rossini","Q208659"
"966","The Barber of Seville","Rossini","Q1192391"
"39525","The Bartered Bride","Smetana","Q907745"
"55353","The Beggar's Opera","Pepusch","Q1472110"
"3736","The Burning Fiery Furnace","Britten","Q3520166"
"1319","The Consul","Menotti","Q593511"
"3830","The Cradle Will Rock","Blitzstein","Q54992382"
"3763","The Crucible","Ward","Q7728247"
"1150","The Cunning Little Vixen","Janácek","Q1171538"
"8224","The Death of Klinghoffer","Adams","Q605920"
"56513","The Desert Song","Romberg","Q7729805"
"50649","The Devils of Loudun","Penderecki","Q939433"
"15907","The Diary of Anne Frank","Frid","Q7730106"
"54205","The Dracula Diary","Moran","Q54996351"
"9437","The Dream of Valentino","Argento","Q54990714"
"9301","The Enchanted Island","Rameau","Q2342350"
"9274","The Enchanted Island","Vivaldi","Q2342350"
"9283","The Enchanted Island","Handel","Q2342350"
"9291","The Enchanted Island","Campra","Q2342350"
"2894","The Exterminating Angel","Adès","Q47004984"
"6460","The Fall of the House of Usher","Glass","Q3520831"
"41863","The Festival of Regrets","Drattell","Q54993722"
"52640","The Fiery Angel","Prokofiev","Q2372929"
"20026","The First Emperor","Dun","Q5236883"
"909","The Flying Dutchman","Wagner","Q114640"
"41861","The Food of Love","Beaser","Q54991991"
"20333","The Gambler","Prokofiev","Q1197011"
"6991","The Ghosts of Versailles","Corigliano","Q7736351"
"3622","The Golden Cockerel","Rimsky-Korsakov","Q579026"
"10688","The Gospel of Mary Magdalene","Adamo","Q54990360"
"3946","The Grapes of Wrath","Gordon","Q7737554"
"35833","The Gypsy Baron","Strauss, Jr.","Q464511"
"184","The Handmaid's Tale","Ruders","Q7738734"
"3617","The Juniper Tree","Glass","Q3521453"
"3616","The Juniper Tree","Glass","Q3521453"
"13686","The Last Savage","Menotti","Q3007234"
"6048","The Lighthouse","Davies","Q3521580"
"10168","The Little Sweep","Britten","Q467698"
"44304","The Love for Three Oranges","Prokofiev","Q907735"
"24","The Magic Flute","Mozart","Q5064"
"49867","The Makropulos Affair","Janácek","Q1142221"
"6872","The Man Who Mistook His Wife for a Hat","Nyman","Q2680386"
"571","The Marriage of Figaro","Mozart","Q201873"
"1488","The Medium","Menotti","Q1169743"
"1335","The Merry Widow","Lehár","Q478202"
"8262","The Merry Wives of Windsor","Nicolai","Q615663"
"25830","The Midsummer Marriage","Tippett","Q3521869"
"336","The Mikado","Sullivan","Q1195818"
"33046","The Mother of Us All","Thomson","Q7752429"
"48582","The New Moon","Romberg","Q7753681"
"45912","The Nightingale","Strouse","Q2450365"
"1599","The Nightingale","Stravinsky","Q2450365"
"10242","The Nose","Shostakovich","Q2367888"
"9977","The Old Maid and the Thief","Menotti","Q487249"
"6126","The Passenger","Weinberg","Q822967"
"69","The Pearl Fishers","Bizet","Q56159"
"4312","The Perfect American","Glass","Q3522206"
"5169","The Picture of Dorian Gray","Liebermann","Q7757061"
"1018","The Pirates of Penzance","Sullivan","Q1215463"
"44127","The Postman Always Rings Twice","Paulus","Q7757874"
"59463","The Prodigal Son","Britten","Q3522335"
"14338","The Queen of Spades","Tchaikovsky","Q221047"
"4534","The Rake's Progress","Stravinsky","Q539339"
"429","The Rape of Lucretia","Britten","Q240685"
"22599","The Return of Ulysses","Monteverdi","Q12042251"
"21840","The Saint of Bleecker Street","Menotti","Q3989123"
"37831","The Second Hurricane","Copland","Q7762930"
"22474","The Sound of A Voice","Glass","Q3522787"
"19119","The Student Prince","Romberg","Q2414478"
"6291","The Telephone","Menotti","Q1170527"
"11708","The Tempest","Hoiby","Q10577168"
"11707","The Tempest","Hoiby","Q3022126"
"24137","The Tempest","Adès","Q3022126"
"24138","The Tempest","Adès","Q10577168"
"3303","The Tender Land","Copland","Q4353383"
"3964","The Trial","Glass","Q19947755"
"3963","The Trial","Glass","Q30611737"
"39609","The Tsar's Bride","Rimsky-Korsakov","Q900225"
"512","The Turn of the Screw","Britten","Q464606"
"42010","The Two Widows","Smetana","Q232134"
"53336","The Vagabond King","Friml","Q7771892"
"49202","The Voyage","Glass","Q3523251"
"59691","The Voyage of Edgar Allan Poe","Argento","Q54990752"
"2028","Tiefland","d'Albert","Q1398735"
"1549","To Be Sung","Dusapin","Q48759949"
"15548","Tolomeo","Handel","Q1419468"
"10","Tosca","Puccini","Q192941"
"44486","Transatlantic","Antheil","Q3537386"
"18912","Treemonisha","Joplin","Q775812"
"12222","Trial by Jury","Sullivan","Q250903"
"20484","Tristan und Isolde","Wagner","Q1324254"
"1536","Turandot","Puccini","Q28529634"
"1537","Turandot","Puccini","Q207990"
"1535","Turandot","Puccini","Q2843864"
"1538","Turandot","Puccini","Q28529637"
"2101","Un ballo in maschera","Verdi","Q221757"
"47797","Un re in ascolto","Berio","Q7882067"
"19892","Una cosa rara","Martin y Soler","Q3781653"
"10847","Van Gogh","Gordon","Q77614"
"5588","Vanessa","Barber","Q1545849"
"2476","Venus and Adonis","Blow","Q381965"
"38660","Venus and Adonis","Henze","Q381965"
"23144","Waiting for the Barbarians","Glass","Q2390578"
"19240","War and Peace","Prokofiev","Q785515"
"2907","Werther","Massenet","Q926468"
"3154","William Tell","Rossini","Q729659"
"13722","Wozzeck","Gurlitt","Q45784"
"6542","Wozzeck","Berg","Q45784"
"2346","Written on Skin","Benjamin","Q8012986"
"8024","Wuthering Heights","Floyd","Q4021131"
"14195","Wuthering Heights","Herrmann","Q4021131"
"0","Lysistrata, The Nude Goddess","Adamo","Q6710250"
"1","I Was Looking at the Ceiling, and Then I Saw the Sky","Adams","Q953293"
"2","Galileo","Akiho","Q3094742"
"3","The Anxiety of Immortality","Barber","Q1038931"
"4","The Magic Is You","Beahm","Q5064"
"5","I Have No Stories to Tell You","Beecher","Q729659"
"6","Beatrice and Benedict","Berlioz","Q791661"
"7","The Trojans","Berlioz","Q472325"
"8","Beatrice et Benedict","Berlioz","Q791661"
"9","The Damnation of Faust","Berlioz","Q1144992"
"10","Mephistopheles","Boito","Q745951"
"11","Mephistopheles","Boito","Q1126880"
"12","Die Vogel","Braunfels","Q1217323"
"13","Noah's Flood","Britten","Q1475053"
"14","Noah's Flood","Britten","Q1475053"
"15","The Midnight Angel","Carlson","Q47004984"
"16","Florencia en el Amazonas (Florencia in the Amazon)","Catán","Q5460844"
"17","L'Orontea","Cesti","Q3268790"
"18","Buoso's Ghost","Ching","Q727868"
"19","A Midsummer Night's Dream - Opera a Capella","Ching","Q7197704"
"20","The Secret Marriage","Cimarosa","Q7750400"
"21","Tell-Tale Heart","Copeland","Q7738734"
"22","A Talent to Amuse","Coward","Q185968"
"23","Rio de Sangre","Davis","Q24037997"
"24","Pelleas et Melisande","Debussy","Q368019"
"25","Lakme","Delibes","Q776107"
"26","The Daughter of the Regiment","Donizetti","Q729568"
"27","Lucia of Lammermoor","Donizetti","Q244209"
"28","Lucretia Borgia","Donizetti","Q685501"
"29","The Elixir of Love","Donizetti","Q332536"
"30","Dom Sébastien, roi de Portugal","Donizetti","Q846809"
"31","Il campanello di notte","Donizetti","Q464664"
"32","Viva la Mamma!","Donizetti","Q681820"
"33","La Fille du regiment","Donizetti","Q729568"
"34","Twilight of the Gods","Dove","Q272029"
"35","The Sorcerer's Daughter","Ferrero","Q3989381"
"36","André Chénier","Giordano","Q493656"
"37","Andrea Chenier","Giordano","Q493656"
"38","Orphee","Glass","Q3885615"
"39","Orpheus & Euridice","Gordon","Q3885615"
"40","Romeo et Juliette","Gounod","Q918714"
"41","Zemire et Azor","Grétry","Q684721"
"42","Xerxes","Handel","Q1069133"
"43","Il mondo della luna (Life on the Moon)","Haydn","Q11926492"
"44","Il mondo della luna (Life on the Moon)","Haydn","Q1037479"
"45","Blue Viola","Hilliard","Q3489036"
"46","Hansel und Gretel","Humperdinck","Q1099668"
"47","Hänsel und Gretel","Humperdinck","Q1099668"
"48","The Makropulos Case","Janácek","Q1142221"
"49","Jenufa","Janácek","Q1196783"
"50","Katya Kabanova","Janácek","Q1322339"
"51","Káta Kabanová","Janácek","Q1322339"
"52","Kátya Kabanová","Janácek","Q1322339"
"53","Prihody Lisky Bystrousky","Janácek","Q1171538"
"54","Kát'a Kabanová","Janácek","Q1322339"
"55","The Bald Soprano","Kalmanoff","Q471725"
"56","The Bald Soprano","Kalmanoff","Q471725"
"57","The Ring of Polykrates","Korngold","Q5261206"
"58","Brundibar","Krása","Q565663"
"59","I Pagliacci","Leoncavallo","Q248644"
"60","A Dream Play","Lidholm","Q605750"
"61","The Love Potion","Martin","Q332536"
"62","Thais","Massenet","Q1144467"
"63","L'Enlèvement d'Europe","Milhaud","Q3064107"
"64","La mere coupable","Milhaud","Q3210943"
"65","The Love of Three Kings","Montemezzi","Q2342484"
"66","The Tale of Orpheus","Monteverdi","Q7103975"
"67","Die Entfuhrung aus dem Serail","Mozart","Q210711"
"68","Idomeneo, King of Crete","Mozart","Q723559"
"69","Le nozze di Figaro","Mozart","Q201873"
"70","Mitridate, King of Pontus","Mozart","Q62338"
"71","Cosi fan tutte","Mozart","Q207410"
"72","The Magic Flute (adapted)","Mozart","Q5064"
"73","Die Zauberflöte","Mozart","Q5064"
"74","Die Zauberflote","Mozart","Q5064"
"75","The Magic Flute (adapted)","Mozart, adapt. Pogue","Q5064"
"76","La Belle Helene","Offenbach","Q1219408"
"77","Orphée aux enfers","Offenbach","Q1137065"
"78","The Grand Duchess of Gerolstein","Offenbach","Q1213194"
"79","Christopher Columbus","Offenbach","Q2966173"
"80","Over the Tavern","Peters","Q2876719"
"81","Diary of an African American (Tour)","Peterson","Q2390578"
"82","Maria de Buenos Aires","Piazzolla","Q1422674"
"83","Dialogues des Carmelites","Poulenc","Q1208527"
"84","Dialogues des Carmélites","Poulenc","Q1208527"
"85","Les Mamelles de Tiresias","Poulenc","Q4692200"
"86","Madam Butterfly","Puccini","Q19005"
"87","La boheme","Puccini","Q188621"
"88","La boheme","Puccini","Q984983"
"89","Sister Angelica","Puccini","Q769394"
"90","Madame Butterfly","Puccini","Q19005"
"91","Don Quichotte à Dulcinée","Ravel","Q727793"
"92","L'Enfant et les sortileges","Ravel","Q267467"
"93","The Words and the Music: The Barber of Seville","Rossini","Q208659"
"94","The Words and the Music: The Barber of Seville","Rossini","Q1192391"
"95","The Turk in Italy","Rossini","Q477643"
"96","Figaro's Revenge","Rossini","Q201873"
"97","The Italian Girl in Algiers","Rossini","Q589932"
"98","Count Ory","Rossini","Q734560"
"99","Samson et Dalila","Saint-Saëns","Q753152"
"100","Harriet's Spirit","Shelby","Q168488"
"101","Lady Macbeth of Mtsensk","Shostakovich","Q48614"
"102","Passion","Sondheim","Q3133339"
"103","Here Be Sirens","Soper","Q560619"
"104","Triumph of Love","Stock","Q3204842"
"105","Die agyptische Helena","Strauss","Q1220040"
"106","Ariadne on Naxos","Strauss","Q654633"
"107","Le Rossignol (The Nightingale)","Stravinsky","Q2450365"
"108","An American Soldier's Tale","Stravinsky","Q7738734"
"109","HMS Pinafore","Sullivan","Q1197244"
"110","The Not Mikado","Sullivan","Q1195818"
"111","All Souls","Supko","Q21998451"
"112","Vampyr","Talbot","Q253866"
"113","Joan of Arc","Tchaikovsky","Q785557"
"114","Arshak II (Arsace II)","Tchoukhajian","Q4070994"
"115","Ladies in a Maze (working title)","Thomas","Q4266044"
"116","The Emperor of Atlantis","Ullmann","Q3773235"
"117","Der Zerbrochene Krug","Ullmann","Q15124217"
"118","Un Bal masqué","Verdi","Q221757"
"119","Macbeth (1847 original)","Verdi","Q320363"
"120","Macbeth (1847 original)","Verdi","Q21197472"
"121","Macbeth (1865 revised)","Verdi","Q320363"
"122","Macbeth (1865 revised)","Verdi","Q21197472"
"123","Don Carlo","Verdi","Q179110"
"124","The Rhinegold (Das Rheingold)","Wagner","Q327717"
"125","Gotterdammerung","Wagner","Q272029"
"126","Tristan and Isolde","Wagner","Q1324254"
"127","Der fliegende Holländer","Wagner","Q114640"
"128","Die Walküre (Act I) and Parsifal (Act II)","Wagner","Q220340"
"129","Die Walkure","Wagner","Q324319"
"130","Die Meistersinger von Nurnberg","Wagner","Q465540"
"131","Der fliegende Hollander","Wagner","Q114640"
"132","Twilight of the Gods","Wagner","Q272029"
"133","The Tsar Has His Photograph Taken","Weill","Q651505"