"","composer","work","work_url"
"0","Bizet","Carmen","http://www.wikidata.org/entity/Q185968"
"1","Verdi","La traviata","http://www.wikidata.org/entity/Q186162"
"2","Verdi","Rigoletto","http://www.wikidata.org/entity/Q189234"
"3","Mozart","Don Giovanni","http://www.wikidata.org/entity/Q192039"
"4","Puccini","La bohème","http://www.wikidata.org/entity/Q188621"
"5","Puccini","Tosca","http://www.wikidata.org/entity/Q192941"
"6","Puccini","Madama Butterfly","http://www.wikidata.org/entity/Q19005"
"7","Rossini","The Barber of Seville","http://www.wikidata.org/entity/Q208659"
"8","Mozart","The Magic Flute","http://www.wikidata.org/entity/Q5064"
"9","Mozart","The Marriage of Figaro","http://www.wikidata.org/entity/Q201873"
"10","Donizetti","Lucia di Lammermoor","http://www.wikidata.org/entity/Q244209"
"11","Donizetti","Don Pasquale","http://www.wikidata.org/entity/Q723941"
"12","Leoncavallo","Pagliacci","http://www.wikidata.org/entity/Q248644"
"13","Mozart","Così fan tutte","http://www.wikidata.org/entity/Q207410"
"14","Gounod","Faust","http://www.wikidata.org/entity/Q745951"
"15","Verdi","Aida","http://www.wikidata.org/entity/Q171277"
"16","Humperdinck","Hansel and Gretel","http://www.wikidata.org/entity/Q1099668"
"17","Rossini","La Cenerentola","http://www.wikidata.org/entity/Q176700"
"18","Puccini","La boheme","http://www.wikidata.org/entity/Q188621"
"19","Puccini","Turandot","http://www.wikidata.org/entity/Q207990"
"20","Verdi","Il trovatore","http://www.wikidata.org/entity/Q203470"
"21","Lehár","The Merry Widow","http://www.wikidata.org/entity/Q478202"
"22","Mascagni","Cavalleria rusticana","http://www.wikidata.org/entity/Q221806"
"23","Verdi","Falstaff","http://www.wikidata.org/entity/Q318455"
"24","Mozart","Le nozze di Figaro","http://www.wikidata.org/entity/Q201873"
"25","Puccini","Madame Butterfly","http://www.wikidata.org/entity/Q19005"
"26","Tchaikovsky","Eugene Onegin","http://www.wikidata.org/entity/Q50956"
"27","Verdi","Macbeth","http://www.wikidata.org/entity/Q320363"
"28","Donizetti","The Elixir of Love","http://www.wikidata.org/entity/Q332536"
"29","Strauss","Salome","http://www.wikidata.org/entity/Q723407"
"30","Sullivan","The Mikado","http://www.wikidata.org/entity/Q1195818"
"31","Puccini","Gianni Schicchi","http://www.wikidata.org/entity/Q727868"
"32","Donizetti","The Daughter of the Regiment","http://www.wikidata.org/entity/Q729568"
"33","Verdi","Otello","http://www.wikidata.org/entity/Q172324"
"34","Sullivan","The Pirates of Penzance","http://www.wikidata.org/entity/Q1215463"
"35","Beethoven","Fidelio","http://www.wikidata.org/entity/Q193778"
"36","Bellini","Norma","http://www.wikidata.org/entity/Q320353"
"37","Donizetti","L'elisir d'amore","http://www.wikidata.org/entity/Q332536"
"38","Rossini","Il barbiere di Siviglia","http://www.wikidata.org/entity/Q208659"
"39","Wagner","The Flying Dutchman","http://www.wikidata.org/entity/Q114640"
"40","Strauss","Ariadne auf Naxos","http://www.wikidata.org/entity/Q654633"
"41","Gershwin","Porgy and Bess","http://www.wikidata.org/entity/Q740920"
"42","Mozart","Cosi fan tutte","http://www.wikidata.org/entity/Q207410"
"43","Floyd","Susannah","http://www.wikidata.org/entity/Q5790163"
"44","Menotti","Amahl and the Night Visitors","http://www.wikidata.org/entity/Q452523"
"45","Britten","The Turn of the Screw","http://www.wikidata.org/entity/Q464606"
"46","Verdi","Un ballo in maschera","http://www.wikidata.org/entity/Q221757"
"47","Gounod","Roméo et Juliette","http://www.wikidata.org/entity/Q918714"
"48","Massenet","Werther","http://www.wikidata.org/entity/Q926468"
"49","Heggie","Dead Man Walking","http://www.wikidata.org/entity/Q2708992"
"50","Rossini","The Italian Girl in Algiers","http://www.wikidata.org/entity/Q589932"
"51","Verdi","Nabucco","http://www.wikidata.org/entity/Q202230"
"52","Rossini","L'italiana in Algeri","http://www.wikidata.org/entity/Q589932"
"53","Massenet","Manon","http://www.wikidata.org/entity/Q931054"
"54","Adamo","Little Women","http://www.wikidata.org/entity/Q6652566"
"55","Puccini","Suor Angelica","http://www.wikidata.org/entity/Q769394"
"56","Strauss","Der Rosenkavalier","http://www.wikidata.org/entity/Q471240"
"57","Sullivan","HMS Pinafore","http://www.wikidata.org/entity/Q1197244"
"58","Britten","A Midsummer Night's Dream","http://www.wikidata.org/entity/Q605750"
"59","Verdi","Don Carlo","http://www.wikidata.org/entity/Q179110"
"60","Mozart","Die Zauberflöte","http://www.wikidata.org/entity/Q5064"
"61","Saint-Saëns","Samson et Dalila","http://www.wikidata.org/entity/Q753152"
"62","Strauss","Elektra","http://www.wikidata.org/entity/Q731927"
"63","Poulenc","Dialogues of the Carmelites","http://www.wikidata.org/entity/Q1208527"
"64","Saint-Saëns","Samson and Delilah","http://www.wikidata.org/entity/Q753152"
"65","Wagner","Der fliegende Holländer","http://www.wikidata.org/entity/Q114640"
"66","Puccini","La fanciulla del West","http://www.wikidata.org/entity/Q460319"
"67","Giordano","Andrea Chénier","http://www.wikidata.org/entity/Q493656"
"68","Floyd","Of Mice and Men","http://www.wikidata.org/entity/Q8012905"
"69","Stravinsky","The Rake's Progress","http://www.wikidata.org/entity/Q539339"
"70","Adams","Nixon in China","http://www.wikidata.org/entity/Q1146706"
"71","Mozart","La clemenza di Tito","http://www.wikidata.org/entity/Q578526"
"72","Puccini","La rondine","http://www.wikidata.org/entity/Q845556"
"73","Moore","The Ballad of Baby Doe","http://www.wikidata.org/entity/Q7715398"
"74","Wagner","Das Rheingold","http://www.wikidata.org/entity/Q327717"
"75","Britten","The Rape of Lucretia","http://www.wikidata.org/entity/Q240685"
"76","Purcell","Dido and Aeneas","http://www.wikidata.org/entity/Q746646"
"77","Verdi","Simon Boccanegra","http://www.wikidata.org/entity/Q548161"
"78","Britten","Peter Grimes","http://www.wikidata.org/entity/Q780331"
"79","Bartók","Bluebeard's Castle","http://www.wikidata.org/entity/Q55063858"
"80","Britten","Billy Budd","http://www.wikidata.org/entity/Q803767"
"81","Ward","The Crucible","http://www.wikidata.org/entity/Q7728247"
"82","Britten","Albert Herring","http://www.wikidata.org/entity/Q577825"
"83","Rossini","Otello","http://www.wikidata.org/entity/Q925332"
"84","Delibes","Lakmé","http://www.wikidata.org/entity/Q776107"
"85","Piazzolla","Maria de Buenos Aires","http://www.wikidata.org/entity/Q1422674"
"86","Wagner","Die Walküre","http://www.wikidata.org/entity/Q324319"
"87","Puccini","Il tabarro","http://www.wikidata.org/entity/Q468235"
"88","Mozart","Idomeneo, King of Crete","http://www.wikidata.org/entity/Q723559"
"89","Leoncavallo","I Pagliacci","http://www.wikidata.org/entity/Q248644"
"90","Wagner","Siegfried","http://www.wikidata.org/entity/Q333146"
"91","Bellini","I Capuleti e i Montecchi","http://www.wikidata.org/entity/Q1071307"
"92","Gounod","Romeo et Juliette","http://www.wikidata.org/entity/Q918714"
"93","Mozart","Die Entführung aus dem Serail","http://www.wikidata.org/entity/Q210711"
"94","Donizetti","Anna Bolena","http://www.wikidata.org/entity/Q559848"
"95","Thomas","Hamlet","http://www.wikidata.org/entity/Q631016"
"96","Copland","The Tender Land","http://www.wikidata.org/entity/Q4353383"
"97","Debussy","Pelléas et Mélisande","http://www.wikidata.org/entity/Q368019"
"98","Weill","Street Scene","http://www.wikidata.org/entity/Q2355342"
"99","Wagner","Tristan und Isolde","http://www.wikidata.org/entity/Q1324254"
"100","Barber","Vanessa","http://www.wikidata.org/entity/Q1545849"
"101","Previn","A Streetcar Named Desire","http://www.wikidata.org/entity/Q4659869"
"102","Bellini","I puritani","http://www.wikidata.org/entity/Q470886"
"103","Handel","Xerxes","http://www.wikidata.org/entity/Q1069133"
"104","Wagner","Tannhäuser","http://www.wikidata.org/entity/Q560619"
"105","Poulenc","La Voix humaine","http://www.wikidata.org/entity/Q36084"
"106","Verdi","Luisa Miller","http://www.wikidata.org/entity/Q545265"
"107","Sullivan","H.M.S. Pinafore","http://www.wikidata.org/entity/Q1197244"
"108","Berg","Wozzeck","http://www.wikidata.org/entity/Q45784"
"109","Ullmann","The Emperor of Atlantis","http://www.wikidata.org/entity/Q3773235"
"110","Puccini","Madam Butterfly","http://www.wikidata.org/entity/Q19005"
"111","Massenet","Cendrillon","http://www.wikidata.org/entity/Q1371386"
"112","Boito","Mefistofele","http://www.wikidata.org/entity/Q935669"
"113","Bellini","La sonnambula","http://www.wikidata.org/entity/Q753123"
"114","Wagner","Lohengrin","http://www.wikidata.org/entity/Q23085"
"115","Handel","Ariodante","http://www.wikidata.org/entity/Q662514"
"116","Wagner","Tristan and Isolde","http://www.wikidata.org/entity/Q1324254"
"117","Wagner","Götterdämmerung","http://www.wikidata.org/entity/Q272029"
"118","Heggie","Moby-Dick","http://www.wikidata.org/entity/Q3317708"
"119","Menotti","The Old Maid and the Thief","http://www.wikidata.org/entity/Q487249"
"120","Verdi","Attila","http://www.wikidata.org/entity/Q211460"
"121","Donizetti","La Fille du régiment","http://www.wikidata.org/entity/Q729568"
"122","Handel","Agrippina","http://www.wikidata.org/entity/Q397041"
"123","Tchaikovsky","The Queen of Spades","http://www.wikidata.org/entity/Q221047"
"124","Donizetti","Maria Stuarda","http://www.wikidata.org/entity/Q377685"
"125","Ponchielli","La Gioconda","http://www.wikidata.org/entity/Q748840"
"126","Humperdinck","Hänsel und Gretel","http://www.wikidata.org/entity/Q1099668"
"127","Wagner","Die Walkure","http://www.wikidata.org/entity/Q324319"
"128","Britten","Noye's Fludde","http://www.wikidata.org/entity/Q1218977"
"129","Strauss","Capriccio","http://www.wikidata.org/entity/Q1034949"
"130","Gluck","Orpheus and Eurydice","http://www.wikidata.org/entity/Q723776"
"131","Handel","Rodelinda","http://www.wikidata.org/entity/Q641095"
"132","Massenet","Thaïs","http://www.wikidata.org/entity/Q1144467"
"133","Blitzstein","Regina","http://www.wikidata.org/entity/Q54992356"
"134","Strauss","Arabella","http://www.wikidata.org/entity/Q390779"
"135","Berlioz","Beatrice and Benedict","http://www.wikidata.org/entity/Q791661"
"136","Romberg","The Student Prince","http://www.wikidata.org/entity/Q2414478"
"137","Offenbach","Orpheus in the Underworld","http://www.wikidata.org/entity/Q1137065"
"138","Wagner","Parsifal","http://www.wikidata.org/entity/Q220340"
"139","Verdi","Don Carlos","http://www.wikidata.org/entity/Q179110"
"140","Handel","Alcina","http://www.wikidata.org/entity/Q275627"
"141","Rorem","Our Town","http://www.wikidata.org/entity/Q7111217"
"142","Glass","Akhnaten","http://www.wikidata.org/entity/Q417738"
"143","Glass","Hydrogen Jukebox","http://www.wikidata.org/entity/Q3143733"
"144","Rossini","Tancredi","http://www.wikidata.org/entity/Q911443"
"145","Rossini","Le Comte Ory","http://www.wikidata.org/entity/Q734560"
"146","Nicolai","The Merry Wives of Windsor","http://www.wikidata.org/entity/Q615663"
"147","Shostakovich","Lady Macbeth of Mtsensk","http://www.wikidata.org/entity/Q48614"
"148","Verdi","Stiffelio","http://www.wikidata.org/entity/Q371584"
"149","Gordon","The Grapes of Wrath","http://www.wikidata.org/entity/Q7737554"
"150","Britten","Death in Venice","http://www.wikidata.org/entity/Q630476"
"151","Mozart","Il re pastore","http://www.wikidata.org/entity/Q470899"
"152","Smetana","The Bartered Bride","http://www.wikidata.org/entity/Q907745"
"153","Verdi","La forza del destino","http://www.wikidata.org/entity/Q212451"
"154","Tchaikovsky","Iolanta","http://www.wikidata.org/entity/Q1043372"
"155","Rossini","La donna del lago","http://www.wikidata.org/entity/Q220699"
"156","Corigliano","The Ghosts of Versailles","http://www.wikidata.org/entity/Q7736351"
"157","Ravel","L'Enfant et les sortilèges","http://www.wikidata.org/entity/Q267467"
"158","Offenbach","The Grand Duchess of Gerolstein","http://www.wikidata.org/entity/Q1213194"
"159","Offenbach","La Belle Hélène","http://www.wikidata.org/entity/Q1219408"
"160","Bolcom","A View from the Bridge","http://www.wikidata.org/entity/Q54992434"
"161","Verdi","Ernani","http://www.wikidata.org/entity/Q211279"
"162","Giordano","Fedora","http://www.wikidata.org/entity/Q1400824"
"163","Handel","Rinaldo","http://www.wikidata.org/entity/Q767249"
"164","Donizetti","Roberto Devereux","http://www.wikidata.org/entity/Q672708"
"165","Rossini","Semiramide","http://www.wikidata.org/entity/Q900744"
"166","Cavalli","La Calisto","http://www.wikidata.org/entity/Q536064"
"167","Wagner","Gotterdammerung","http://www.wikidata.org/entity/Q272029"
"168","Poulenc","Dialogues des Carmélites","http://www.wikidata.org/entity/Q1208527"
"169","Rossini","William Tell","http://www.wikidata.org/entity/Q729659"
"170","Rossini","Count Ory","http://www.wikidata.org/entity/Q734560"
"171","Ravel","L'Heure espagnole","http://www.wikidata.org/entity/Q593319"
"172","Rossini","Ermione","http://www.wikidata.org/entity/Q936702"
"173","Weinberg","The Passenger","http://www.wikidata.org/entity/Q822967"
"174","Adams","Doctor Atomic","http://www.wikidata.org/entity/Q1233821"
"175","DiChiera","Cyrano","http://www.wikidata.org/entity/Q5200576"
"176","Davies","The Lighthouse","http://www.wikidata.org/entity/Q3521580"
"177","Korngold","Die tote Stadt","http://www.wikidata.org/entity/Q1219611"
"178","Catán","Florencia en el Amazonas (Florencia in the Amazon)","http://www.wikidata.org/entity/Q5460844"
"179","Mozart","Die Zauberflote","http://www.wikidata.org/entity/Q5064"
"180","Golijov","Ainadamar","http://www.wikidata.org/entity/Q4697384"
"181","Wagner","Die Meistersinger von Nürnberg","http://www.wikidata.org/entity/Q465540"
"182","Cilea","Adriana Lecouvreur","http://www.wikidata.org/entity/Q375063"
"183","Offenbach","La Périchole","http://www.wikidata.org/entity/Q730336"
"184","Poulenc","Les Mamelles de Tirésias","http://www.wikidata.org/entity/Q4692200"
"185","Krása","Brundibár","http://www.wikidata.org/entity/Q565663"
"186","Danielpour","Margaret Garner","http://www.wikidata.org/entity/Q6759437"
"187","Massenet","Thais","http://www.wikidata.org/entity/Q1144467"
"188","Blanchard","Champion","http://www.wikidata.org/entity/Q13554491"
"189","Adams","The Death of Klinghoffer","http://www.wikidata.org/entity/Q605920"
"190","Mozart","Lucio Silla","http://www.wikidata.org/entity/Q943913"
"191","Handel","Partenope","http://www.wikidata.org/entity/Q954048"
"192","Glass","The Fall of the House of Usher","http://www.wikidata.org/entity/Q3520831"
"193","Handel","Orlando","http://www.wikidata.org/entity/Q946701"
"194","Verdi","Giovanna d'Arco","http://www.wikidata.org/entity/Q757134"
"195","Weill","Rise and Fall of the City of Mahagonny","http://www.wikidata.org/entity/Q760054"
"196","Adamo","Lysistrata, The Nude Goddess","http://www.wikidata.org/entity/Q6710250"
"197","Prokofiev","War and Peace","http://www.wikidata.org/entity/Q785515"
"198","Borodin","Prince Igor","http://www.wikidata.org/entity/Q55064700"
"199","Joplin","Treemonisha","http://www.wikidata.org/entity/Q775812"
"200","Thomson","Four Saints in Three Acts","http://www.wikidata.org/entity/Q5475468"
"201","Donizetti","Lucrezia Borgia","http://www.wikidata.org/entity/Q685501"
"202","Sullivan","Patience","http://www.wikidata.org/entity/Q3897647"
"203","Chabrier","L'Étoile","http://www.wikidata.org/entity/Q1197145"
"204","Wagner","The Rhinegold (Das Rheingold)","http://www.wikidata.org/entity/Q327717"
"205","Mozart","La finta giardiniera","http://www.wikidata.org/entity/Q785991"
"206","Sullivan","Iolanthe","http://www.wikidata.org/entity/Q3154075"
"207","Donizetti","La Fille du regiment","http://www.wikidata.org/entity/Q729568"
"208","Saariaho","L'Amour de loin","http://www.wikidata.org/entity/Q1093081"
"209","Donizetti","La Favorite","http://www.wikidata.org/entity/Q467394"
"210","Berlioz","La Damnation de Faust","http://www.wikidata.org/entity/Q1144992"
"211","Mascagni","L'amico Fritz","http://www.wikidata.org/entity/Q578706"
"212","Ruders","The Handmaid's Tale","http://www.wikidata.org/entity/Q7738734"
"213","Rossini","Il turco in Italia","http://www.wikidata.org/entity/Q477643"
"214","Handel","Tamerlano","http://www.wikidata.org/entity/Q2164275"
"215","Puccini","Sister Angelica","http://www.wikidata.org/entity/Q769394"
"216","Berlioz","Les Troyens","http://www.wikidata.org/entity/Q472325"
"217","Thomson","The Mother of Us All","http://www.wikidata.org/entity/Q7752429"
"218","Mozart","The Magic Flute (adapted)","http://www.wikidata.org/entity/Q5064"
"219","Dun","Tea: A Mirror of Soul","http://www.wikidata.org/entity/Q3981812"
"220","Verdi","I vespri siciliani","http://www.wikidata.org/entity/Q471645"
"221","Verdi","Il Corsaro","http://www.wikidata.org/entity/Q467289"
"222","Nyman","The Man Who Mistook His Wife for a Hat","http://www.wikidata.org/entity/Q2680386"
"223","Britten","The Burning Fiery Furnace","http://www.wikidata.org/entity/Q3520166"
"224","Aldridge","Elmer Gantry","http://www.wikidata.org/entity/Q5366558"
"225","Berg","Lulu","http://www.wikidata.org/entity/Q837545"
"226","Carlson","Anna Karenina","http://www.wikidata.org/entity/Q4767140"
"227","Massenet","Don Quichotte","http://www.wikidata.org/entity/Q727793"
"228","Britten","Curlew River","http://www.wikidata.org/entity/Q615696"
"229","Berlioz","Béatrice et Bénédict","http://www.wikidata.org/entity/Q791661"
"230","Krása","Brundibar","http://www.wikidata.org/entity/Q565663"
"231","Strauss","Die Frau ohne Schatten","http://www.wikidata.org/entity/Q1143019"
"232","Adams","A Flowering Tree","http://www.wikidata.org/entity/Q2148578"
"233","Haydn","Armida","http://www.wikidata.org/entity/Q238762"
"234","Strauss","Daphne","http://www.wikidata.org/entity/Q1165496"
"235","Wagner","Die Meistersinger von Nurnberg","http://www.wikidata.org/entity/Q465540"
"236","Tchaikovsky","Mazeppa","http://www.wikidata.org/entity/Q1081440"
"237","Bellini","Il Pirata","http://www.wikidata.org/entity/Q467292"
"238","Cimarosa","Il matrimonio segreto","http://www.wikidata.org/entity/Q428319"
"239","Donizetti","Maria Padilla","http://www.wikidata.org/entity/Q756150"
"240","Verdi","Macbeth (1847 original)","http://www.wikidata.org/entity/Q320363"
"241","Stravinsky","Oedipus rex","http://www.wikidata.org/entity/Q1891546"
"242","Prokofiev","Betrothal in a Monastery","http://www.wikidata.org/entity/Q2629201"
"243","Verdi","I masnadieri","http://www.wikidata.org/entity/Q466338"
"244","Verdi","I lombardi alla prima crociata","http://www.wikidata.org/entity/Q468625"
"245","Verdi","I due Foscari","http://www.wikidata.org/entity/Q468112"
"246","Rossini","Il viaggio a Reims","http://www.wikidata.org/entity/Q470983"
"247","Halévy","La Juive","http://www.wikidata.org/entity/Q339043"
"248","Heggie","It's A Wonderful Life","http://www.wikidata.org/entity/Q39074124"
"249","Szymanowski","King Roger","http://www.wikidata.org/entity/Q3041659"
"250","Verdi","Jérusalem","http://www.wikidata.org/entity/Q914332"
"251","Rossini","La Pietra del paragone","http://www.wikidata.org/entity/Q471573"
"252","Bellini","La straniera","http://www.wikidata.org/entity/Q785347"
"253","Massenet","Le Cid","http://www.wikidata.org/entity/Q899440"
"254","Puccini","Le Villi","http://www.wikidata.org/entity/Q845606"
"255","Donizetti","Linda di Chamounix","http://www.wikidata.org/entity/Q669382"
"256","Strauss","Intermezzo","http://www.wikidata.org/entity/Q1474467"
"257","Liebermann","The Picture of Dorian Gray","http://www.wikidata.org/entity/Q7757061"
"258","Glass","The Perfect American","http://www.wikidata.org/entity/Q3522206"
"259","Montemezzi","The Love of Three Kings","http://www.wikidata.org/entity/Q2342484"
"260","Prokofiev","The Love for Three Oranges","http://www.wikidata.org/entity/Q907735"
"261","Britten","The Little Sweep","http://www.wikidata.org/entity/Q467698"
"262","Glass","The Sound of A Voice","http://www.wikidata.org/entity/Q3522787"
"263","Donizetti","Viva la Mamma!","http://www.wikidata.org/entity/Q681820"
"264","Wagner","Twilight of the Gods","http://www.wikidata.org/entity/Q272029"
"265","Musgrave","A Christmas Carol","http://www.wikidata.org/entity/Q54996354"
"266","Rimsky-Korsakov","The Tsar's Bride","http://www.wikidata.org/entity/Q900225"
"267","Debussy","Pelleas et Melisande","http://www.wikidata.org/entity/Q368019"
"268","Glass","Satyagraha","http://www.wikidata.org/entity/Q3057300"
"269","Strauss","Ariadne on Naxos","http://www.wikidata.org/entity/Q654633"
"270","Rossini","Armida","http://www.wikidata.org/entity/Q777578"
"271","Glinka","Ruslan and Lyudmila","http://www.wikidata.org/entity/Q522408"
"272","Barber","Antony and Cleopatra","http://www.wikidata.org/entity/Q4777266"
"273","Rimsky-Korsakov","The Golden Cockerel","http://www.wikidata.org/entity/Q579026"
"274","Pepusch","The Beggar's Opera","http://www.wikidata.org/entity/Q1472110"
"275","Mechem","Tartuffe","http://www.wikidata.org/entity/Q7686879"
"276","Massenet","Hérodiade","http://www.wikidata.org/entity/Q1989023"
"277","Wallace","Harvey Milk","http://www.wikidata.org/entity/Q3783582"
"278","Poulenc","Dialogues des Carmelites","http://www.wikidata.org/entity/Q1208527"
"279","Busoni","Doktor Faust","http://www.wikidata.org/entity/Q1235069"
"280","Rachmaninoff","Francesca da Rimini","http://www.wikidata.org/entity/Q2418863"
"281","Zemlinsky","Der Zwerg","http://www.wikidata.org/entity/Q1198242"
"282","Glass","Galileo Galilei","http://www.wikidata.org/entity/Q3094742"
"283","Wagner","Der fliegende Hollander","http://www.wikidata.org/entity/Q114640"
"284","Humperdinck","Hansel und Gretel","http://www.wikidata.org/entity/Q1099668"
"285","Adès","The Exterminating Angel","http://www.wikidata.org/entity/Q47004984"
"286","Frid","The Diary of Anne Frank","http://www.wikidata.org/entity/Q7730106"
"287","Blitzstein","The Cradle Will Rock","http://www.wikidata.org/entity/Q54992382"
"288","Berlioz","The Damnation of Faust","http://www.wikidata.org/entity/Q1144992"
"289","Romberg","The Desert Song","http://www.wikidata.org/entity/Q7729805"
"290","Penderecki","The Devils of Loudun","http://www.wikidata.org/entity/Q939433"
"291","Glass","The Juniper Tree","http://www.wikidata.org/entity/Q3521453"
"292","Chin","Alice in Wonderland","http://www.wikidata.org/entity/Q54993321"
"293","Menotti","The Last Savage","http://www.wikidata.org/entity/Q3007234"
"294","Handel","Amadigi di Gaula","http://www.wikidata.org/entity/Q452022"
"295","Prokofiev","The Fiery Angel","http://www.wikidata.org/entity/Q2372929"
"296","Verdi","Alzira","http://www.wikidata.org/entity/Q450801"
"297","Handel","Almira","http://www.wikidata.org/entity/Q1547158"
"298","Strauss","Die schweigsame Frau","http://www.wikidata.org/entity/Q1219379"
"299","Strauss","Die ägyptische Helena","http://www.wikidata.org/entity/Q1220040"
"300","Wolf-Ferrari","Sly","http://www.wikidata.org/entity/Q1140351"
"301","Messiaen","Saint François d'Assise","http://www.wikidata.org/entity/Q2605813"
"302","Strauss","Die agyptische Helena","http://www.wikidata.org/entity/Q1220040"
"303","Holst","Savitri","http://www.wikidata.org/entity/Q3474583"
"304","Handel","Serse","http://www.wikidata.org/entity/Q1069133"
"305","Handel","Teseo","http://www.wikidata.org/entity/Q1419652"
"306","Bizet","Djamileh","http://www.wikidata.org/entity/Q912017"
"307","Giordano","André Chénier","http://www.wikidata.org/entity/Q493656"
"308","Dove","The Adventures of Pinocchio","http://www.wikidata.org/entity/Q7712611"
"309","Massenet","Esclarmonde","http://www.wikidata.org/entity/Q2550219"
"310","Giordano","Andrea Chenier","http://www.wikidata.org/entity/Q493656"
"311","Tigranian","Anoush","http://www.wikidata.org/entity/Q4770434"
"312","Fairouz","Sumeida's Song","http://www.wikidata.org/entity/Q7637067"
"313","Handel","Tolomeo","http://www.wikidata.org/entity/Q1419468"
"314","Antheil","Transatlantic","http://www.wikidata.org/entity/Q3537386"
"315","d'Albert","Tiefland","http://www.wikidata.org/entity/Q1398735"
"316","Glass","Einstein on the Beach","http://www.wikidata.org/entity/Q2291287"
"317","Friml","The Vagabond King","http://www.wikidata.org/entity/Q7771892"
"318","Henze","Elegy for Young Lovers","http://www.wikidata.org/entity/Q3050642"
"319","Glass","The Voyage","http://www.wikidata.org/entity/Q3523251"
"320","Rossini","The Words and the Music: The Barber of Seville","http://www.wikidata.org/entity/Q208659"
"321","Puccini","Edgar","http://www.wikidata.org/entity/Q1351"
"322","Smetana","The Two Widows","http://www.wikidata.org/entity/Q232134"
"323","Benjamin","Written on Skin","http://www.wikidata.org/entity/Q8012986"
"324","Grétry","Zemire et Azor","http://www.wikidata.org/entity/Q684721"
"325","Glass","Waiting for the Barbarians","http://www.wikidata.org/entity/Q2390578"
"326","Verdi","Un Bal masqué","http://www.wikidata.org/entity/Q221757"
"327","Berio","Un re in ascolto","http://www.wikidata.org/entity/Q7882067"
"328","Blow","Venus and Adonis","http://www.wikidata.org/entity/Q381965"
"329","Larsen","A Wrinkle in Time","http://www.wikidata.org/entity/Q54996261"
"330","Stravinsky","The Nightingale","http://www.wikidata.org/entity/Q2450365"
"331","Shostakovich","The Nose","http://www.wikidata.org/entity/Q2367888"
"332","Sullivan","The Not Mikado","http://www.wikidata.org/entity/Q1195818"
"333","Bolcom","A Wedding","http://www.wikidata.org/entity/Q4660603"
"334","Donizetti","Dom Sébastien, roi de Portugal","http://www.wikidata.org/entity/Q846809"
"335","Gazzaniga","Don Giovanni","http://www.wikidata.org/entity/Q3713531"
"336","Saariaho","Adriana Mater","http://www.wikidata.org/entity/Q2825066"
"337","Donizetti","Adelia","http://www.wikidata.org/entity/Q503582"
"338","Tippett","The Midsummer Marriage","http://www.wikidata.org/entity/Q3521869"
"339","Rossini","The Turk in Italy","http://www.wikidata.org/entity/Q477643"
"340","Adès","The Tempest","http://www.wikidata.org/entity/Q3022126"
"341","Berlioz","The Trojans","http://www.wikidata.org/entity/Q472325"
"342","Weill","The Tsar Has His Photograph Taken","http://www.wikidata.org/entity/Q651505"
"343","Korngold","The Ring of Polykrates","http://www.wikidata.org/entity/Q5261206"
"344","Copland","The Second Hurricane","http://www.wikidata.org/entity/Q7762930"
"345","Delibes","Lakme","http://www.wikidata.org/entity/Q776107"
"346","Offenbach","Le 66","http://www.wikidata.org/entity/Q6506507"
"347","Ligeti","Le Grand Macabre","http://www.wikidata.org/entity/Q1062427"
"348","Massenet","Le Portrait de Manon","http://www.wikidata.org/entity/Q931054"
"349","Stravinsky","Le Rossignol (The Nightingale)","http://www.wikidata.org/entity/Q2450365"
"350","Pergolesi","La serva padrona","http://www.wikidata.org/entity/Q378237"
"351","Milhaud","La mere coupable","http://www.wikidata.org/entity/Q3210943"
"352","Massenet","La Navarraise","http://www.wikidata.org/entity/Q2709440"
"353","Catalani","La Wally","http://www.wikidata.org/entity/Q654861"
"354","Charpentier","La descente d'Orphée aux Enfers","http://www.wikidata.org/entity/Q6466096"
"355","Moniuszko","Halka","http://www.wikidata.org/entity/Q592291"
"356","Charpentier","Louise","http://www.wikidata.org/entity/Q286488"
"357","Donizetti","Lucia of Lammermoor","http://www.wikidata.org/entity/Q244209"
"358","Donizetti","Lucretia Borgia","http://www.wikidata.org/entity/Q685501"
"359","Verdi","Macbeth (1865 revised)","http://www.wikidata.org/entity/Q320363"
"360","Granados","Goyescas","http://www.wikidata.org/entity/Q3077271"
"361","Argento","Casanova's Homecoming","http://www.wikidata.org/entity/Q5048021"
"362","Beethoven","Leonore","http://www.wikidata.org/entity/Q193778"
"363","Meyerbeer","Les Huguenots","http://www.wikidata.org/entity/Q466848"
"364","Rameau","Les Indes galantes","http://www.wikidata.org/entity/Q583297"
"365","Poulenc","Les Mamelles de Tiresias","http://www.wikidata.org/entity/Q4692200"
"366","Verdi","Les Vêpres Siciliennes","http://www.wikidata.org/entity/Q471645"
"367","Drattell","Lilith","http://www.wikidata.org/entity/Q6547856"
"368","Rossini","Guillaume Tell","http://www.wikidata.org/entity/Q729659"
"369","Henze","Das verratene Meer","http://www.wikidata.org/entity/Q5226490"
"370","Handel","Imeneo","http://www.wikidata.org/entity/Q1659804"
"371","Wagner","Das Liebesverbot","http://www.wikidata.org/entity/Q174392"
"372","Daugherty","Jackie O","http://www.wikidata.org/entity/Q3805719"
"373","Tchaikovsky","Joan of Arc","http://www.wikidata.org/entity/Q785557"
"374","Adams","I Was Looking at the Ceiling, and Then I Saw the Sky","http://www.wikidata.org/entity/Q953293"
"375","Marschner","Der Vampyr","http://www.wikidata.org/entity/Q253866"
"376","Blitzstein","Idiots First","http://www.wikidata.org/entity/Q54992311"
"377","Paisiello","Il Barbiere di Siviglia","http://www.wikidata.org/entity/Q1192391"
"378","Mercadante","Il Giuramento","http://www.wikidata.org/entity/Q1469058"
"379","Cimarosa","Il Maestro di Cappella","http://www.wikidata.org/entity/Q467311"
"380","Donizetti","Il campanello di notte","http://www.wikidata.org/entity/Q464664"
"381","Haydn","Il mondo della luna (Life on the Moon)","http://www.wikidata.org/entity/Q1037479"
"382","Ravel","L'Enfant et les sortileges","http://www.wikidata.org/entity/Q267467"
"383","Milhaud","L'Enlèvement d'Europe","http://www.wikidata.org/entity/Q3064107"
"384","Cesti","L'Orontea","http://www.wikidata.org/entity/Q3268790"
"385","Montemezzi","L'amore dei tre re","http://www.wikidata.org/entity/Q2342484"
"386","Donizetti","L'assedio di Calais","http://www.wikidata.org/entity/Q846737"
"387","Haydn","L'isola disabitata","http://www.wikidata.org/entity/Q468384"
"388","Offenbach","La Belle Helene","http://www.wikidata.org/entity/Q1219408"
"389","Meyerbeer","L'Africaine","http://www.wikidata.org/entity/Q784719"
"390","Sallinen","Kullervo","http://www.wikidata.org/entity/Q11873263"
"391","Humperdinck","Königskinder","http://www.wikidata.org/entity/Q1413471"
"392","Previn","Brief Encounter","http://www.wikidata.org/entity/Q4967023"
"393","Berlioz","Beatrice et Benedict","http://www.wikidata.org/entity/Q791661"
"394","Bellini","Beatrice di Tenda","http://www.wikidata.org/entity/Q791658"
"395","Hasse","Piramo e Tisbe","http://www.wikidata.org/entity/Q7197704"
"396","Rameau","Platée","http://www.wikidata.org/entity/Q1376222"
"397","Donizetti","Poliuto","http://www.wikidata.org/entity/Q240295"
"398","Argento","Postcard from Morocco","http://www.wikidata.org/entity/Q3909450"
"399","Adès","Powder Her Face","http://www.wikidata.org/entity/Q7235981"
"400","Salieri","Prima la musica e poi le parole","http://www.wikidata.org/entity/Q370008"
"401","Weill","Down in the Valley","http://www.wikidata.org/entity/Q5302976"
"402","Berlioz","Benvenuto Cellini","http://www.wikidata.org/entity/Q277846"
"403","Offenbach","Orphée aux enfers","http://www.wikidata.org/entity/Q1137065"
"404","Britten","Owen Wingrave","http://www.wikidata.org/entity/Q736246"
"405","Braunfels","Die Vogel","http://www.wikidata.org/entity/Q1217323"
"406","Adamo","Becoming Santa Claus","http://www.wikidata.org/entity/Q21775670"
"407","Wagner","Rienzi","http://www.wikidata.org/entity/Q689441"
"408","Davis","Rio de Sangre","http://www.wikidata.org/entity/Q24037997"
"409","Donizetti","Rita","http://www.wikidata.org/entity/Q838597"
"410","Handel","Rodrigo","http://www.wikidata.org/entity/Q1576427"
"411","Wagner","Die Walküre (Act I) and Parsifal (Act II)","http://www.wikidata.org/entity/Q220340"
"412","Offenbach","Barbe-bleue","http://www.wikidata.org/entity/Q373076"
"413","Haydn","Orlando Paladino","http://www.wikidata.org/entity/Q910595"
"414","Mozart","Die Entfuhrung aus dem Serail","http://www.wikidata.org/entity/Q210711"
"415","Mozart","Mitridate, King of Pontus","http://www.wikidata.org/entity/Q62338"
"416","Mozart","Mitridate, re di Ponto","http://www.wikidata.org/entity/Q62338"
"417","Rossini","Mosè in Egitto","http://www.wikidata.org/entity/Q583156"
"418","Vivaldi","Motezuma","http://www.wikidata.org/entity/Q1949643"
"419","Bolcom","McTeague","http://www.wikidata.org/entity/Q17064770"
"420","Rossini","Maometto II","http://www.wikidata.org/entity/Q1417349"
"421","Dun","Marco Polo","http://www.wikidata.org/entity/Q6757680"
"422","Donizetti","Maria di Rohan","http://www.wikidata.org/entity/Q732789"
"423","Donizetti","Marino Faliero","http://www.wikidata.org/entity/Q914165"
"424","von Flotow","Martha","http://www.wikidata.org/entity/Q168488"
"425","Mercadante","Orazi e Curiazi","http://www.wikidata.org/entity/Q3884892"
"426","Schreker","Die Gezeichneten","http://www.wikidata.org/entity/Q1213033"
"427","Drattell","Nicholas and Alexandra","http://www.wikidata.org/entity/Q48772833"
"428","Gershwin","Blue Monday","http://www.wikidata.org/entity/Q4929437"
"429","Verdi","Oberto","http://www.wikidata.org/entity/Q636873"
"430","Cavalli","Giasone","http://www.wikidata.org/entity/Q2245661"
"431","Orff","Die Kluge","http://www.wikidata.org/entity/Q1213962"
"432","Strauss, Jr.","Die Fledermaus","https://www.wikidata.org/wiki/Q464930"
"433","Gounod","Romeo and Juliet","https://www.wikidata.org/wiki/Q918714"
"434","Bizet","The Pearl Fishers","https://www.wikidata.org/wiki/Q56159"
"435","Mozart","The Abduction from the Seraglio","https://www.wikidata.org/wiki/Q210711"
"436","Offenbach","The Tales of Hoffmann","https://www.wikidata.org/wiki/Q335012"
"437","Janácek","Jenufa","http://www.wikidata.org/entity/Q1196783"
"438","Dvorák","Rusalka","http://www.wikidata.org/entity/Q729709"
"439","Janácek","The Cunning Little Vixen	","http://www.wikidata.org/entity/Q1171538"
"440","Puccini","The Girl of the Golden West","http://www.wikidata.org/entity/Q460319"
"441","Offenbach","Les contes d'Hoffmann","https://www.wikidata.org/wiki/Q335012"
"442","Gluck","Orfeo ed Euridice","http://www.wikidata.org/entity/Q3885615"
"443","Schönberg","Erwartung","http://www.wikidata.org/entity/Q1362653"
"444","Gluck","Orphée et Euridice","http://www.wikidata.org/entity/Q3885615"
"445","Janácek","The Makropulos Case","http://www.wikidata.org/entity/Q1142221"
"446","Wagner","The Valkyrie","http://www.wikidata.org/entity/Q324319"
"447","Massenet","Don Quixote","https://www.wikidata.org/wiki/Q727793"
"448","Schönberg","Moses und Aron","http://www.wikidata.org/entity/Q1661920"
"449","Verdi","Le Trouvère","http://www.wikidata.org/entity/Q203470"
"450","Floyd","Wuthering Heights","https://www.wikidata.org/wiki/Q8012887"
"451","Janácek","From the House of the Dead","https://www.wikidata.org/wiki/Q777727"
"452","Martin y Soler","L'arbore di Diana","http://www.wikidata.org/entity/Q6455890"
"453","Britten","Noah's Flood","http://www.wikidata.org/entity/Q1218977"
"454","Cimarosa","The Secret Marriage","http://www.wikidata.org/entity/Q428319"
"455","Massenet","Cinderella","https://www.wikidata.org/wiki/Q1371386"
"456","Lehár","Opera/Operetta Cabaret","http://www.wikidata.org/entity/Q478202"
"457","Janácek","Prihody Lisky Bystrousky","https://www.wikidata.org/wiki/Q1171538"
"458","Scarlatti","The Triumph of Honor","http://www.wikidata.org/entity/Q2296392"
"459","Monteverdi","The Tale of Orpheus","https://www.wikidata.org/wiki/Q724008"
"460","Martin y Soler","Una cosa rara","https://www.wikidata.org/wiki/Q3781653"
"461","Janácek","The Makropulos Affair","http://www.wikidata.org/entity/Q1142221"
"462","Martinu","Comedy on the Bridge","http://www.wikidata.org/entity/Q5151499"
"463","Nielsen","Masquerade","https://www.wikidata.org/wiki/Q1977730"
"464","Donizetti","La favorita","http://www.wikidata.org/entity/Q467394"
"465","Rossini","Le Barbier de Seville","http://www.wikidata.org/entity/Q208659"
"466","Mussorgsky","Khovanshchina","http://www.wikidata.org/entity/Q917711
"
"467","Janácek","Káta Kabanová	","http://www.wikidata.org/entity/Q1322339"
"468","Rossini","Cinderella","https://www.wikidata.org/wiki/Q176700"
"0","Bernstein","Candide","http://www.wikidata.org/wiki/Q1033015"
"1","Loewe","My Fair Lady","http://www.wikidata.org/wiki/Q591943"
"2","Puccini","Manon Lescaut","http://www.wikidata.org/wiki/Q459341"
"3","Sondheim","A Little Night Music","http://www.wikidata.org/wiki/Q2704917"
"4","Bernstein","West Side Story","http://www.wikidata.org/wiki/Q669010"
"5","Rodgers","Oklahoma!","http://www.wikidata.org/wiki/Q3305977"
"6","Menotti","The Consul","http://www.wikidata.org/wiki/Q593511"
"7","Rodgers","South Pacific","http://www.wikidata.org/wiki/Q1535240"
"8","Weill","The Threepenny Opera","http://www.wikidata.org/wiki/Q212495"
"9","Leigh","Man of La Mancha","http://www.wikidata.org/wiki/Q2318125"
"10","Monteverdi","L'incoronazione di Poppea","http://www.wikidata.org/wiki/Q615522"
"11","Berlin","Annie Get Your Gun","http://www.wikidata.org/wiki/Q2419754"
"12","Rodgers","The Sound of Music","http://www.wikidata.org/wiki/Q2414348"
"13","Handel","Giulio Cesare","http://www.wikidata.org/wiki/Q875563"
"14","Willson","The Music Man","http://www.wikidata.org/wiki/Q632027"
"15","Bizet","Les Pêcheurs de perles","http://www.wikidata.org/wiki/Q56159"
"16","Rodgers","The King and I","http://www.wikidata.org/wiki/Q6431690"
"17","Puccini","Il trittico","http://www.wikidata.org/wiki/Q899738"
"18","Bock","Fiddler on the Roof","http://www.wikidata.org/wiki/Q487330"
"19","Sondheim","Into the Woods","http://www.wikidata.org/wiki/Q1118244"
"20","Bernstein","Trouble in Tahiti","http://www.wikidata.org/wiki/Q377876"
"21","Menotti","The Medium","http://www.wikidata.org/wiki/Q1169743"
"22","Gluck","Iphigénie en Tauride","http://www.wikidata.org/wiki/Q687822"
"23","Loesser","The Most Happy Fella","http://www.wikidata.org/wiki/Q7752369"
"24","Brown","The Last Five Years","http://www.wikidata.org/wiki/Q1218921"
"25","Britten","Paul Bunyan","http://www.wikidata.org/wiki/Q736746"
"26","Schmidt","The Fantasticks","http://www.wikidata.org/wiki/Q7848436"
"27","Loewe","Camelot","http://www.wikidata.org/wiki/Q1028491"
"28","Porter","Kiss Me, Kate","http://www.wikidata.org/wiki/Q1330969"
"29","Wagner","Der Ring des Nibelungen (Ring Cycle)","http://www.wikidata.org/wiki/Q190237"
"30","Handel","Acis and Galatea","http://www.wikidata.org/wiki/Q341482"
"31","Berlin","White Christmas","http://www.wikidata.org/wiki/Q1131761"
"32","Kander","Cabaret","http://www.wikidata.org/wiki/Q1024739"
"33","von Weber","Der Freischütz","http://www.wikidata.org/wiki/Q156435"
"34","Herbert","Babes in Toyland","http://www.wikidata.org/wiki/Q1563380"
"35","Loesser","Guys and Dolls","http://www.wikidata.org/wiki/Q796988"
"36","Menotti","The Saint of Bleecker Street","http://www.wikidata.org/wiki/Q3989123"
"37","Kálmán","Countess Maritza","http://www.wikidata.org/wiki/Q1551462"
"38","Porter","Anything Goes","http://www.wikidata.org/wiki/Q4778332"
"39","Berlin","The Cocoanuts","http://www.wikidata.org/wiki/Q3986337"
"40","Brooks","The Producers","http://www.wikidata.org/wiki/Q1751433"
"41","Weill","Lady in the Dark","http://www.wikidata.org/wiki/Q1424307"
"42","Lloyd Webber","Jesus Christ Superstar","http://www.wikidata.org/wiki/Q242667"
"43","Kern","Show Boat","http://www.wikidata.org/wiki/Q2166879"
"44","Weill","Lost in the Stars","http://www.wikidata.org/wiki/Q1338894"
"45","Arlen","The Wizard of Oz","http://www.wikidata.org/wiki/Q161402"
"46","Friml","Rose-Marie","http://www.wikidata.org/wiki/Q2001175"
"47","Menken","Little Shop of Horrors","http://www.wikidata.org/wiki/Q1199246"
"48","Torroba","Luisa Fernanda","http://www.wikidata.org/wiki/Q3780609"
"49","Kurka","The Good Soldier Schweik","http://www.wikidata.org/wiki/Q54983382"
"50","Bock","She Loves Me","http://www.wikidata.org/wiki/Q2277615"
"51","Cherubini","Medea","http://www.wikidata.org/wiki/Q577758"
"52","Gluck","Iphigenie en Tauride","http://www.wikidata.org/wiki/Q687822"
"53","Simon","The Secret Garden","http://www.wikidata.org/wiki/Q7763013"
"54","Flaherty","Once on this Island","http://www.wikidata.org/wiki/Q913985"
"55","Lloyd Webber","Evita","http://www.wikidata.org/wiki/Q830549"
"56","Kander","The World Goes 'Round","http://www.wikidata.org/wiki/Q4753455"
"57","Sullivan","The Gondoliers","http://www.wikidata.org/wiki/Q3987314"
"58","Kimper","Patience and Sarah","http://www.wikidata.org/wiki/Q7144946"
"59","Sondheim","A Funny Thing Happened on the Way to the Forum","http://www.wikidata.org/wiki/Q862709"
"60","de Falla","La vida breve","http://www.wikidata.org/wiki/Q733839"
"61","Monteverdi","Il ritorno d'Ulisse in patria","http://www.wikidata.org/wiki/Q907047"
"62","Handel","Radamisto","http://www.wikidata.org/wiki/Q1713359"
"63","Lully","Armide","http://www.wikidata.org/wiki/Q1361941"
"64","Romberg","The New Moon","http://www.wikidata.org/wiki/Q2297573"
"65","Offenbach","La Vie Parisienne","http://www.wikidata.org/wiki/Q1807287"
"66","Mazzoli","Song from the Uproar: The Lives and Deaths of Isabelle Eberhardt","http://www.wikidata.org/wiki/Q29830100"
"67","Lang","the little match girl passion","http://www.wikidata.org/wiki/Q7747651"
"68","Argento","The Dream of Valentino","http://www.wikidata.org/wiki/Q54990714"
"69","Verdi","The Force of Destiny","http://www.wikidata.org/wiki/Q212451"
"70","Vivaldi","Cato in Utica","http://www.wikidata.org/wiki/Q2839289"
"71","Lehár","La Veuve joyeuse","http://www.wikidata.org/wiki/Q478202"
"73","Monteverdi","Il combattimento de Tancredi e Clorinda","http://www.wikidata.org/wiki/Q2541435"
"74","Verdi","La battaglia di Legnano","http://www.wikidata.org/wiki/Q468546"
"75","Waller","Ain't Misbehavin'","http://www.wikidata.org/wiki/Q406268"
"76","Sullivan","Trial by Jury","http://www.wikidata.org/wiki/Q250903"
"77","Loewe","Brigadoon","http://www.wikidata.org/wiki/Q611332"
"78","Foss","The Jumping Frog of Calaveras County","http://www.wikidata.org/wiki/Q54975111"
"79","Gluck","Orfeo y Euridice","http://www.wikidata.org/wiki/Q723776"
"80","Cilea","L'arlesiana","http://www.wikidata.org/wiki/Q2288398"
"81","Rossini","The Thieving Magpie","http://www.wikidata.org/wiki/Q472318"
"82","Sullivan","The Yeomen of the Guard","http://www.wikidata.org/wiki/Q499778"
"83","Herman","Hello, Dolly!","http://www.wikidata.org/wiki/Q1267483"
"84","Guettel","The Light in the Piazza","http://www.wikidata.org/wiki/Q7747285"
"85","Penella","El Gato Montés (The Wildcat)","http://www.wikidata.org/wiki/Q966132"
"86","Hammerstein II","Carmen Jones","http://www.wikidata.org/wiki/Q13424336"
"87","Rossini","Stabat Mater","http://www.wikidata.org/wiki/Q778788"
"88","Gluck","Orphee et Eurydice","http://www.wikidata.org/wiki/Q723776"
"89","Berger","Starmania","http://www.wikidata.org/wiki/Q924458"
"90","Bach","Mass in B Minor","http://www.wikidata.org/wiki/Q310549"
"91","Handel","La resurrezione","http://www.wikidata.org/wiki/Q1696593"
"92","Penella","El Gato Montes (The Wildcat)","http://www.wikidata.org/wiki/Q966132"
"93","Sousa","El Capitan","http://www.wikidata.org/wiki/Q5350925"
"94","Shore","The Fly","http://www.wikidata.org/wiki/Q549077"
"95","Wright","Song of Norway","http://www.wikidata.org/wiki/Q72047"
"96","von Weber","Der Freischutz","http://www.wikidata.org/wiki/Q156435"
"97","Keiser","Der hochmutige gesturzte un wieder erhabene Croesus","http://www.wikidata.org/wiki/Q3003178"
"98","de Falla","El amor brujo","http://www.wikidata.org/wiki/Q2609739"
"99","Gershwin","Of Thee I Sing","http://www.wikidata.org/wiki/Q7997179"
"100","Gershwin","Of Thee I Sing","http://www.wikidata.org/wiki/Q7997179"
"101","Walton","Troilus and Cressida","http://www.wikidata.org/wiki/Q3539889"
"102","Porter","Kiss Me Kate","http://www.wikidata.org/wiki/Q1330969"
"103","Gershwin","Lady Be Good","http://www.wikidata.org/wiki/Q1131715"
"104","Gershwin","Lady Be Good","http://www.wikidata.org/wiki/Q1131715"
"105","Coleman","Sweet Charity","http://www.wikidata.org/wiki/Q2164246"
"107","Sondheim","Company","http://www.wikidata.org/wiki/Q2915810"
"108","Monteverdi","Il Ballo delle ingrate","http://www.wikidata.org/wiki/Q5996683"
"109","Bach","The Coffee Cantata","http://www.wikidata.org/wiki/Q1145620"
"110","Rossini","The Journey to Rheims","http://www.wikidata.org/wiki/Q470983"
"111","Laitman","The Scarlet Letter","http://www.wikidata.org/wiki/Q48778780"
"112","Sondheim","Sunday in the Park with George","http://www.wikidata.org/wiki/Q3435285"
"113","Offenbach","The Grand Duchess of Helmsley-stein","http://www.wikidata.org/wiki/Q1213194"
"114","Lloyd Webber","The Phantom of the Opera","http://www.wikidata.org/wiki/Q1157267"
"115","Simon","Romulus Hunt","http://www.wikidata.org/wiki/Q7363384"
"116","Monteverdi","Lagrime d'amante al sepolcro dell'amata","http://www.wikidata.org/wiki/Q15990985"
"117","Bizet","Les Pecheurs de perles","http://www.wikidata.org/wiki/Q56159"
"118","Verdi","Messa da Requiem","http://www.wikidata.org/wiki/Q1356210"
"119","Schönberg","Miss Saigon","http://www.wikidata.org/wiki/Q653753"
"122","Ravel","Don Quichotte à Dulcinée","http://www.wikidata.org/wiki/Q3035889"
"123","Humperdinck","Hansel and Gretel (Small Scale)","http://www.wikidata.org/wiki/Q1099668"
"124","Brel","Jacques Brel is Alive and Well and Living in Paris","http://www.wikidata.org/wiki/Q1381579"
"125","Monteverdi","Il Combattimento di Tancredi et Clorinda","http://www.wikidata.org/wiki/Q2541435"
"126","Britten","Canticle II: Abraham and Isaac","http://www.wikidata.org/wiki/Q5455847"
"128","Thomas","Mignon","http://www.wikidata.org/wiki/Q657595"
"130","Orff","The Clever Woman (Die Kluge)","http://www.wikidata.org/wiki/Q1213962"
"131","Haydn","L'Anima del filosopho ossia Orfeo ed Euridice","http://www.wikidata.org/wiki/Q723776"
"132","Mozart","Mozart Requiem","http://www.wikidata.org/wiki/Q207875"
"133","Weill","Knickerbocker Holiday","http://www.wikidata.org/wiki/Q7452233"
"134","Hamlisch","A Chorus Line","http://www.wikidata.org/wiki/Q189427"