,composer,date_of_birth,date_of_death,country,composer_url
0,Jozef Rosinský,1897-12-05,1973-11-12,Slovakia,http://www.wikidata.org/entity/Q25541734
3,Aaron Copland,1900-11-14,1990-12-02,United States of America,http://www.wikidata.org/entity/Q192185
5,Aarre Merikanto,1893-06-29,1958-09-28,Finland,http://www.wikidata.org/entity/Q303051
7,Abdylas Maldybaev,1906-07-07,1978-06-01,Kyrgyzstan,http://www.wikidata.org/entity/Q479615
8,Achille Graffigna,1816-05-05,1896-07-19,Italy,http://www.wikidata.org/entity/Q3604382
10,Achilles Alferaki,1846-07-03,1919-12-27,Ukraine,http://www.wikidata.org/entity/Q340294
11,Adalbert Hřimalý,1842-07-30,1908-06-15,Czech Republic,http://www.wikidata.org/entity/Q2530603
13,Adolphe Adam,1803-07-24,1856-05-03,France,http://www.wikidata.org/entity/Q189544
77,Adolphe Blaise,1701-01-01,1772-01-01,France,http://www.wikidata.org/entity/Q2824775
78,Adriano Guarnieri,1947-09-10,2200-01-01,Italy,http://www.wikidata.org/entity/Q346904
79,Afrasiyab Badalbeyli,1907-04-19,1976-01-06,Azerbaijan,http://www.wikidata.org/entity/Q1072231
81,Agostino Accorimboni,1739-08-28,1818-08-13,Italy,http://www.wikidata.org/entity/Q1130986
93,Agostino Steffani,1654-07-25,1728-02-12,Italy,http://www.wikidata.org/entity/Q395725
96,Aimé Maillart,1817-03-24,1871-05-26,France,http://www.wikidata.org/entity/Q405748
99,Alan Bush,1900-12-22,1995-10-31,United Kingdom,http://www.wikidata.org/entity/Q584010
100,Alan Hovhaness,1911-03-08,2000-06-21,United States of America,http://www.wikidata.org/entity/Q542232
101,Alanus Plumlovský,1703-01-18,1759-05-02,Czech Republic,http://www.wikidata.org/entity/Q10729169
104,Alban Berg,1885-02-09,1935-12-24,Austria,http://www.wikidata.org/entity/Q78475
106,Albert Dietrich,1829-08-28,1908-11-20,Germany,http://www.wikidata.org/entity/Q565548
107,Albert Grisar,1808-12-25,1869-06-15,Belgium,http://www.wikidata.org/entity/Q2003880
109,Albert Lortzing,1801-10-23,1851-01-21,Germany,http://www.wikidata.org/entity/Q154203
121,Albert Roussel,1869-04-05,1937-08-23,France,http://www.wikidata.org/entity/Q313376
124,Albert Szirmai,1880-07-02,1967-01-15,Hungary,http://www.wikidata.org/entity/Q725792
125,Alberto Franchetti,1860-09-18,1942-08-04,Italy,http://www.wikidata.org/entity/Q722975
133,Alberto Ginastera,1916-04-11,1983-06-25,Argentina,http://www.wikidata.org/entity/Q311389
136,Alberto Mazzucato,1813-07-28,1877-12-31,Italy,http://www.wikidata.org/entity/Q74849
141,Alberto Nepomuceno,1864-07-06,1920-10-16,Brazil,http://www.wikidata.org/entity/Q1391980
142,Alessandro Scarlatti,1660-05-02,1725-10-22,Italy,http://www.wikidata.org/entity/Q183087
150,Alexander Abramsky,1898-01-22,1985-08-29,Ukraine,http://www.wikidata.org/entity/Q2833392
151,Alexander Borodin,1833-11-12,1887-02-27,Russia,http://www.wikidata.org/entity/Q164004
154,Alexander Dargomyzhsky,1813-02-14,1869-01-17,Russia,http://www.wikidata.org/entity/Q311384
156,Alexander Gretchaninov,1864-10-25,1956-01-03,Russia,http://www.wikidata.org/entity/Q508270
157,Alexander Knaifel,1943-11-28,2200-01-01,Uzbekistan,http://www.wikidata.org/entity/Q1935233
158,Alexander Mackenzie,1847-08-22,1935-04-28,United Kingdom,http://www.wikidata.org/entity/Q674739
161,Alexander Moyzes,1906-09-04,1984-11-20,Slovakia,http://www.wikidata.org/entity/Q1029499
162,Alexander Raskatov,1953-03-09,2200-01-01,Russia,http://www.wikidata.org/entity/Q2621348
163,Alexander Serov,1820-01-23,1871-02-01,Russia,http://www.wikidata.org/entity/Q442978
166,Alexander Spendiaryan,1871-11-01,1928-05-07,Ukraine,http://www.wikidata.org/entity/Q969702
167,Alexander Zhurbin,1945-08-07,2200-01-01,Uzbekistan,http://www.wikidata.org/entity/Q4181867
168,Alexander von Zemlinsky,1871-10-14,1942-03-15,Austria,http://www.wikidata.org/entity/Q78524
169,Alexander von Zemlinsky,1871-10-14,1942-03-16,Austria,http://www.wikidata.org/entity/Q78524
170,Alexander von Zemlinsky,1872-10-04,1942-03-15,Austria,http://www.wikidata.org/entity/Q78524
171,Alexander von Zemlinsky,1872-10-04,1942-03-16,Austria,http://www.wikidata.org/entity/Q78524
196,Alexey Verstovsky,1799-03-01,1862-11-17,Russia,http://www.wikidata.org/entity/Q612142
197,Alfred Bruneau,1857-03-03,1934-06-15,France,http://www.wikidata.org/entity/Q933351
206,Alfred Cellier,1844-12-01,1891-12-28,United Kingdom,http://www.wikidata.org/entity/Q2603318
207,Alfred Schnittke,1934-11-24,1998-08-03,Russia,http://www.wikidata.org/entity/Q158078
209,Alfredo Casella,1883-07-25,1947-03-05,Italy,http://www.wikidata.org/entity/Q337343
210,Alfredo Catalani,1854-06-19,1893-08-07,Italy,http://www.wikidata.org/entity/Q352722
216,Alfredo Keil,1850-07-03,1907-10-04,Portugal,http://www.wikidata.org/entity/Q1437304
217,Alois Hába,1893-06-21,1973-11-18,Czech Republic,http://www.wikidata.org/entity/Q366711
219,Alun Hoddinott,1929-08-11,2008-03-11,United Kingdom,http://www.wikidata.org/entity/Q447945
220,Amadeu Vives i Roig,1871-11-18,1932-12-01,Spain,http://www.wikidata.org/entity/Q2648593
221,Amadeu Vives i Roig,1871-11-18,1932-12-02,Spain,http://www.wikidata.org/entity/Q2648593
222,Amadeu Vives i Roig,1876-11-18,1932-12-01,Spain,http://www.wikidata.org/entity/Q2648593
223,Amadeu Vives i Roig,1876-11-18,1932-12-02,Spain,http://www.wikidata.org/entity/Q2648593
224,Ambroise Thomas,1811-08-05,1896-02-12,France,http://www.wikidata.org/entity/Q297717
230,Amilcare Ponchielli,1834-08-31,1886-01-16,Italy,http://www.wikidata.org/entity/Q207390
236,Amy Beach,1867-09-05,1944-12-27,United States of America,http://www.wikidata.org/entity/Q235699
237,Anatoly Bogatyrev,1913-08-26,2003-09-19,Belarus,http://www.wikidata.org/entity/Q2074927
239,Andrea Adolfati,1721-01-01,1760-10-28,Italy,http://www.wikidata.org/entity/Q2846288
243,Andrea Mattioli,1617-10-15,1679-10-02,Italy,http://www.wikidata.org/entity/Q3615845
244,Andreas Hallén,1846-12-22,1925-03-11,Sweden,http://www.wikidata.org/entity/Q497831
245,André Amellér,1912-01-02,1990-05-14,France,http://www.wikidata.org/entity/Q516781
247,André Campra,1660-12-04,1744-06-29,France,http://www.wikidata.org/entity/Q313860
263,André Cardinal Destouches,1672-04-06,1749-02-07,France,http://www.wikidata.org/entity/Q517636
271,André Grétry,1741-02-08,1813-09-24,Belgium,http://www.wikidata.org/entity/Q210962
294,André Messager,1853-12-30,1929-02-24,France,http://www.wikidata.org/entity/Q457645
300,André Previn,1929-04-06,2200-01-01,Germany,http://www.wikidata.org/entity/Q155712
302,Angelo Tarchi,1760-01-01,1814-08-19,Italy,http://www.wikidata.org/entity/Q536729
304,Ann Millikan,1963-01-01,2200-01-01,United States of America,http://www.wikidata.org/entity/Q16148489
305,Anthony Davis,1951-02-20,2200-01-01,United States of America,http://www.wikidata.org/entity/Q344683
306,Antoine Dauvergne,1713-10-03,1797-02-11,France,http://www.wikidata.org/entity/Q586017
312,Anton Arensky,1861-07-12,1906-02-25,Russia,http://www.wikidata.org/entity/Q313970
317,Anton Foerster,1837-12-20,1926-04-17,Czech Republic,http://www.wikidata.org/entity/Q439632
318,Anton Rubinstein,1829-11-28,1894-11-20,Ukraine,http://www.wikidata.org/entity/Q87567
323,Anton Schweitzer,1735-06-06,1787-11-23,Germany,http://www.wikidata.org/entity/Q128232
324,Antoni Radziwiłł,1775-06-13,1833-04-07,Lithuania,http://www.wikidata.org/entity/Q561112
325,Antonio Bertali,1605-03-01,1669-04-17,Italy,http://www.wikidata.org/entity/Q552272
326,Antonio Bioni,1698-01-01,1739-01-01,Italy,http://www.wikidata.org/entity/Q600936
327,Antonio Boroni,1738-01-01,1792-12-21,Italy,http://www.wikidata.org/entity/Q600955
328,Antonio Buzzolla,1815-03-02,1871-03-20,Italy,http://www.wikidata.org/entity/Q601030
329,Antonio Cagnoni,1828-02-08,1896-04-30,Italy,http://www.wikidata.org/entity/Q601093
331,Antonio Caldara,1670-01-01,1736-12-28,Italy,http://www.wikidata.org/entity/Q311571
345,Antonio Cesti,1623-08-05,1669-10-14,Italy,http://www.wikidata.org/entity/Q350695
349,Antonio D'Antoni,1801-06-25,1859-01-01,Italy,http://www.wikidata.org/entity/Q596045
350,Antonio D'Antoni,1801-06-25,1859-08-18,Italy,http://www.wikidata.org/entity/Q596045
353,Antonio Draghi,1634-01-17,1700-01-16,Italy,http://www.wikidata.org/entity/Q601855
356,Antonio Lotti,1667-01-05,1740-01-05,Italy,http://www.wikidata.org/entity/Q168345
357,Antonio Maria Abbatini,1595-01-26,1679-03-01,Italy,http://www.wikidata.org/entity/Q550788
358,Antonio Maria Bononcini,1677-06-18,1726-07-08,Italy,http://www.wikidata.org/entity/Q2359145
359,Antonio Maria Mazzoni,1717-01-04,1785-12-08,Italy,http://www.wikidata.org/entity/Q175202
360,Antonio Sacchini,1730-06-14,1786-10-06,Italy,http://www.wikidata.org/entity/Q366727
361,Antonio Sacchini,1730-06-14,1786-10-08,Italy,http://www.wikidata.org/entity/Q366727
364,Antonio Sacchini,1734-07-23,1786-10-06,Italy,http://www.wikidata.org/entity/Q366727
365,Antonio Sacchini,1734-07-23,1786-10-08,Italy,http://www.wikidata.org/entity/Q366727
472,Antonio Salieri,1750-08-18,1825-05-07,Italy,http://www.wikidata.org/entity/Q51088
516,Antonio Sartorio,1630-01-01,1680-12-30,Italy,http://www.wikidata.org/entity/Q605062
517,Antonio Smareglia,1854-05-05,1929-04-15,Croatia,http://www.wikidata.org/entity/Q605191
528,Antonio Spadavecchia,1907-06-03,1988-02-07,Ukraine,http://www.wikidata.org/entity/Q196267
530,Antonio Vivaldi,1678-03-04,1741-07-28,Italy,http://www.wikidata.org/entity/Q1340
561,Antonín Vojtěch Horák,1875-07-07,1910-03-12,Czech Republic,http://www.wikidata.org/entity/Q10854160
562,Antônio Carlos Gomes,1836-07-11,1896-07-24,Brazil,http://www.wikidata.org/entity/Q263855
563,Antônio Carlos Gomes,1836-07-11,1896-09-16,Brazil,http://www.wikidata.org/entity/Q263855
564,Antônio Carlos Gomes,1839-07-11,1896-07-24,Brazil,http://www.wikidata.org/entity/Q263855
565,Antônio Carlos Gomes,1839-07-11,1896-09-16,Brazil,http://www.wikidata.org/entity/Q263855
598,Aribert Reimann,1936-03-04,2200-01-01,Germany,http://www.wikidata.org/entity/Q246758
601,Armand Emmanuel Trial,1771-03-01,1803-09-09,France,http://www.wikidata.org/entity/Q15055490
602,Armen Tigranian,1879-12-26,1950-02-10,Armenia,http://www.wikidata.org/entity/Q248479
604,Armstrong Gibbs,1889-08-10,1960-05-12,United Kingdom,http://www.wikidata.org/entity/Q1052282
605,Arnold Mendelssohn,1855-12-26,1933-02-19,Poland,http://www.wikidata.org/entity/Q537538
606,Arnold Schoenberg,1874-09-13,1951-07-13,Austria,http://www.wikidata.org/entity/Q154770
610,Arnulf Herrmann,1968-12-12,2200-01-01,Germany,http://www.wikidata.org/entity/Q99408
611,Arrigo Boito,1842-02-24,1918-06-10,Italy,http://www.wikidata.org/entity/Q219491
613,Arthur Benjamin,1893-09-18,1960-04-10,Australia,http://www.wikidata.org/entity/Q177229
615,Arthur Bliss,1891-09-02,1975-03-27,United Kingdom,http://www.wikidata.org/entity/Q508953
616,Arthur Goring Thomas,1850-11-10,1892-03-20,United Kingdom,http://www.wikidata.org/entity/Q2865123
617,Arthur Hervey,1855-01-01,1922-01-01,Ireland,http://www.wikidata.org/entity/Q16943855
618,Arthur Honegger,1892-03-10,1955-11-27,France,http://www.wikidata.org/entity/Q123164
624,Arthur Sullivan,1842-05-13,1900-11-22,United Kingdom,http://www.wikidata.org/entity/Q212692
635,Astor Piazzolla,1921-03-11,1992-07-04,Argentina,http://www.wikidata.org/entity/Q172505
636,Attilio Ariosti,1666-11-05,1729-01-01,Italy,http://www.wikidata.org/entity/Q758130
651,August Brunetti-Pisano,1870-10-24,1943-09-01,Austria,http://www.wikidata.org/entity/Q761016
655,August Bungert,1845-03-14,1915-10-26,Germany,http://www.wikidata.org/entity/Q761027
658,August Enna,1859-05-13,1939-08-03,Denmark,http://www.wikidata.org/entity/Q152479
660,Aulis Sallinen,1935-04-09,2200-01-01,Russia,http://www.wikidata.org/entity/Q542194
663,Avet Terterian,1929-07-29,1994-12-11,Azerbaijan,http://www.wikidata.org/entity/Q666763
664,Baldassare Galuppi,1706-10-18,1785-01-03,Italy,http://www.wikidata.org/entity/Q208338
671,Bartholomäus Aich,2200-01-01,2200-01-01,Germany,http://www.wikidata.org/entity/Q166430
672,Bartolomej Urbanec,1918-11-12,1983-07-02,Slovakia,http://www.wikidata.org/entity/Q809484
673,Bedřich Smetana,1824-03-02,1884-05-12,Czech Republic,http://www.wikidata.org/entity/Q48173
682,Benedetto Ferrari,1603-01-01,1681-10-22,Italy,http://www.wikidata.org/entity/Q816842
683,Benjamin Britten,1913-11-22,1976-12-04,United Kingdom,http://www.wikidata.org/entity/Q150767
698,Benjamin Godard,1849-08-18,1895-01-10,France,http://www.wikidata.org/entity/Q817524
701,Bernard Herrmann,1911-06-29,1975-12-24,United States of America,http://www.wikidata.org/entity/Q296804
704,Bernd Alois Zimmermann,1918-03-20,1970-08-10,Germany,http://www.wikidata.org/entity/Q312582
705,Bernhard Lang,1957-02-24,2200-01-01,Austria,http://www.wikidata.org/entity/Q677629
706,Berthold Goldschmidt,1903-01-18,1996-10-17,Germany,http://www.wikidata.org/entity/Q213910
707,Betty Roe,1930-01-01,2200-01-01,United Kingdom,http://www.wikidata.org/entity/Q4898958
708,Bjarne Brustad,1895-03-04,1978-05-20,Norway,http://www.wikidata.org/entity/Q879352
709,Bohuslav Martinů,1890-12-08,1959-08-28,Czech Republic,http://www.wikidata.org/entity/Q223258
723,Boris Blacher,1903-01-06,1975-01-30,Germany,http://www.wikidata.org/entity/Q455307
737,Boris Lyatoshinsky,1895-01-03,1968-04-15,Ukraine,http://www.wikidata.org/entity/Q504426
739,Boris Mokrousov,1909-02-27,1968-03-27,Russia,http://www.wikidata.org/entity/Q2039003
740,Brett Dean,1961-10-23,2200-01-01,Australia,http://www.wikidata.org/entity/Q382700
742,Brian Ferneyhough,1943-01-16,2200-01-01,United Kingdom,http://www.wikidata.org/entity/Q462291
743,Bronius Kutavičius,1932-09-13,2200-01-01,Lithuania,http://www.wikidata.org/entity/Q2926088
744,Béla Bartók,1881-03-25,1945-09-26,Romania,http://www.wikidata.org/entity/Q83326
746,Camille Erlanger,1863-05-25,1919-04-24,France,http://www.wikidata.org/entity/Q936002
747,Camille Saint-Saëns,1835-10-09,1921-12-16,France,http://www.wikidata.org/entity/Q150445
760,Carl Ditters von Dittersdorf,1739-11-02,1799-10-24,Austria,http://www.wikidata.org/entity/Q78522
763,Carl Heinrich Graun,1704-05-07,1759-08-08,Germany,http://www.wikidata.org/entity/Q161208
766,Carl Martin Reinthaler,1822-10-13,1896-02-13,Germany,http://www.wikidata.org/entity/Q1039689
768,Carl Millöcker,1842-04-29,1899-12-31,Austria,http://www.wikidata.org/entity/Q456099
773,Carl Nielsen,1865-06-09,1931-10-03,Denmark,http://www.wikidata.org/entity/Q205139
775,Carl Orff,1895-07-10,1982-03-29,Germany,http://www.wikidata.org/entity/Q44086
781,Carl Zeller,1842-06-19,1898-08-17,Austria,http://www.wikidata.org/entity/Q348527
782,Carlisle Floyd,1926-06-11,2200-01-01,United States of America,http://www.wikidata.org/entity/Q1041799
784,Carlo Acton,1829-08-25,1909-02-02,Italy,http://www.wikidata.org/entity/Q2939140
785,Carlo Agostino Badia,1672-11-06,1738-09-23,Italy,http://www.wikidata.org/entity/Q871900
787,Carlo Coccia,1782-04-14,1873-04-13,Italy,http://www.wikidata.org/entity/Q167242
821,Carlo Francesco Pollarolo,1653-01-01,1723-02-07,Italy,http://www.wikidata.org/entity/Q1042169
822,Carlo Franchi,1743-01-01,1779-01-01,Italy,http://www.wikidata.org/entity/Q3659378
823,Carlo Monza,1735-01-01,1801-12-19,Italy,http://www.wikidata.org/entity/Q448844
824,Carlos Chávez,1899-06-13,1978-08-02,Mexico,http://www.wikidata.org/entity/Q357326
826,Cassià Casademont i Busquets,1875-02-03,1963-02-12,Spain,http://www.wikidata.org/entity/Q11912963
827,Cesar Bresgen,1913-10-16,1988-04-06,Italy,http://www.wikidata.org/entity/Q872568
828,Cesar Bresgen,1913-10-16,1988-04-07,Italy,http://www.wikidata.org/entity/Q872568
829,Cesare Galeotti,1872-06-05,1929-02-19,Italy,http://www.wikidata.org/entity/Q3636409
830,Charles Cuvillier,1877-04-24,1955-02-14,France,http://www.wikidata.org/entity/Q5076618
832,Charles Gounod,1818-06-17,1893-10-18,France,http://www.wikidata.org/entity/Q180278
845,Charles Lecocq,1832-06-03,1918-10-24,France,http://www.wikidata.org/entity/Q538894
849,Charles Lenepveu,1840-10-04,1910-08-16,France,http://www.wikidata.org/entity/Q371459
850,Charles-Louis Mion,1699-12-17,1775-09-12,France,http://www.wikidata.org/entity/Q2958208
851,Chevalier de Saint-George,1745-12-25,1799-06-10,France,http://www.wikidata.org/entity/Q726953
852,Christoph Graupner,1683-01-13,1760-05-10,Germany,http://www.wikidata.org/entity/Q115067
856,Christoph Willibald von Gluck,1714-07-02,1787-11-15,Germany,http://www.wikidata.org/entity/Q130759
895,Christopher Bowers-Broadbent,1945-01-01,2200-01-01,United Kingdom,http://www.wikidata.org/entity/Q2966555
898,Claude Arrieu,1903-11-30,1990-03-07,France,http://www.wikidata.org/entity/Q272886
907,Claude Debussy,1862-08-22,1918-03-25,France,http://www.wikidata.org/entity/Q4700
908,Claude Debussy,1862-08-22,1918-03-26,France,http://www.wikidata.org/entity/Q4700
915,Claude Vivier,1948-04-14,1983-03-07,Canada,http://www.wikidata.org/entity/Q650551
916,Claude Vivier,1948-04-14,1983-03-12,Canada,http://www.wikidata.org/entity/Q650551
917,Conradin Kreutzer,1780-11-22,1849-12-14,Germany,http://www.wikidata.org/entity/Q458732
920,Conrado del Campo,1878-10-28,1953-03-17,Spain,http://www.wikidata.org/entity/Q51859
921,Cristóbal Halffter,1930-03-24,2200-01-01,Spain,http://www.wikidata.org/entity/Q375388
922,César Cui,1835-01-18,1918-03-13,Lithuania,http://www.wikidata.org/entity/Q208546
939,César Franck,1822-12-10,1890-11-08,Belgium,http://www.wikidata.org/entity/Q50187
942,Damião Barbosa de Araújo,1778-09-27,1856-04-20,Brazil,http://www.wikidata.org/entity/Q5212644
943,Daniel Alomía Robles,1871-01-03,1942-06-18,Peru,http://www.wikidata.org/entity/Q734067
944,Daniel Catán,1949-04-03,2011-04-09,Mexico,http://www.wikidata.org/entity/Q2441186
948,Daniel François Esprit Auber,1782-01-29,1871-05-12,France,http://www.wikidata.org/entity/Q157672
949,Daniel François Esprit Auber,1782-01-29,1871-05-13,France,http://www.wikidata.org/entity/Q157672
1044,Darius Milhaud,1892-09-04,1974-06-22,France,http://www.wikidata.org/entity/Q186264
1053,Daron Hagen,1961-11-04,2200-01-01,United States of America,http://www.wikidata.org/entity/Q2061310
1055,David Bruce,1970-01-01,2200-01-01,United Kingdom,http://www.wikidata.org/entity/Q5231835
1057,David Carlson,1952-03-13,2200-01-01,United States of America,http://www.wikidata.org/entity/Q550513
1058,David DiChiera,1935-04-08,2200-01-01,United States of America,http://www.wikidata.org/entity/Q8354090
1059,Davide Perez,1711-01-01,1778-10-30,Italy,http://www.wikidata.org/entity/Q2274080
1061,Deborah Drattell,1956-01-01,2200-01-01,United States of America,http://www.wikidata.org/entity/Q436343
1064,Deems Taylor,1885-12-22,1966-07-03,United States of America,http://www.wikidata.org/entity/Q284386
1065,Denis Gougeon,1951-11-16,2200-01-01,Canada,http://www.wikidata.org/entity/Q1187398
1066,Derek Bourgeois,1941-10-16,2017-09-06,United Kingdom,http://www.wikidata.org/entity/Q523706
1069,Detlev Glanert,1960-09-06,2200-01-01,Germany,http://www.wikidata.org/entity/Q1201437
1071,Dieter Lehnhoff,1955-05-27,2200-01-01,Guatemala,http://www.wikidata.org/entity/Q669869
1072,Dmitri Kabalevsky,1904-12-30,1987-02-14,Russia,http://www.wikidata.org/entity/Q153776
1073,Dmitri Shostakovich,1906-09-25,1975-08-09,Russia,http://www.wikidata.org/entity/Q80135
1080,Dmitry Bortniansky,1751-10-28,1825-10-10,Ukraine,http://www.wikidata.org/entity/Q316505
1084,Domenico Alberti,1710-01-01,1746-10-14,Italy,http://www.wikidata.org/entity/Q319766
1086,Domenico Cimarosa,1749-12-17,1801-01-11,Italy,http://www.wikidata.org/entity/Q191775
1132,Domenico Fischietti,1725-01-01,1810-01-01,Italy,http://www.wikidata.org/entity/Q1237146
1133,Domenico Monleone,1875-01-04,1942-01-15,Italy,http://www.wikidata.org/entity/Q5290114
1134,Domenico Sarro,1679-12-24,1744-01-25,Italy,http://www.wikidata.org/entity/Q1237262
1137,Dominick Argento,1927-10-27,2200-01-01,United States of America,http://www.wikidata.org/entity/Q2630943
1150,Domènec Terradellas,1713-02-13,1751-05-20,Spain,http://www.wikidata.org/entity/Q960294
1151,Domènec Terradellas,1713-02-13,1751-05-25,Spain,http://www.wikidata.org/entity/Q960294
1154,Don Davis,1957-02-04,2200-01-01,United States of America,http://www.wikidata.org/entity/Q207859
1155,Douglas Moore,1893-08-10,1969-07-25,United States of America,http://www.wikidata.org/entity/Q958213
1158,Duchess Anna Amalia of Brunswick-Wolfenbüttel,1739-10-24,1807-04-10,Germany,http://www.wikidata.org/entity/Q241250
1159,Duchess Maria Antonia of Bavaria,1724-07-18,1780-04-23,Germany,http://www.wikidata.org/entity/Q61649
1160,Désiré-Alexandre Batton,1798-01-02,1855-10-15,France,http://www.wikidata.org/entity/Q1270710
1161,E. T. A. Hoffmann,1776-01-24,1822-06-25,Germany,http://www.wikidata.org/entity/Q150471
1163,Ede Poldini,1869-06-13,1957-06-28,Hungary,http://www.wikidata.org/entity/Q1238237
1164,Edison Denisov,1929-04-06,1996-11-24,Russia,http://www.wikidata.org/entity/Q275659
1165,Edmond Audran,1840-04-12,1901-08-17,France,http://www.wikidata.org/entity/Q952983
1201,Edmund Nick,1891-09-22,1974-04-11,Czech Republic,http://www.wikidata.org/entity/Q1286691
1202,Edouard Lalo,1823-01-27,1892-04-22,France,http://www.wikidata.org/entity/Q224002
1203,Eduard Künneke,1885-01-27,1953-10-27,Germany,http://www.wikidata.org/entity/Q392417
1209,Eduard Nápravník,1839-08-24,1916-11-23,Czech Republic,http://www.wikidata.org/entity/Q1289468
1212,Eduard Toldrà,1895-04-07,1962-05-31,Spain,http://www.wikidata.org/entity/Q1290210
1213,Eduard Tubin,1905-06-18,1982-11-17,Estonia,http://www.wikidata.org/entity/Q434931
1215,Edvard Fliflet Bræin,1924-08-23,1976-04-30,Norway,http://www.wikidata.org/entity/Q4567306
1217,Edward German,1862-02-17,1936-11-11,United Kingdom,http://www.wikidata.org/entity/Q2355124
1224,Eef van Breen,1978-01-03,2200-01-01,Netherlands,http://www.wikidata.org/entity/Q1903602
1225,Egidio Duni,1708-02-11,1775-06-11,Italy,http://www.wikidata.org/entity/Q953519
1231,Egon Wellesz,1885-10-21,1974-11-09,Austria,http://www.wikidata.org/entity/Q213680
1232,Eino Tamberg,1930-05-27,2010-12-24,Estonia,http://www.wikidata.org/entity/Q948134
1233,Einojuhani Rautavaara,1928-10-09,2016-07-27,Finland,http://www.wikidata.org/entity/Q433592
1235,Eleanor Alberga,1949-01-01,2200-01-01,Jamaica,http://www.wikidata.org/entity/Q1325702
1236,Eleanor Everest Freer,1864-05-14,1942-12-13,United States of America,http://www.wikidata.org/entity/Q4492825
1240,Elliott Carter,1908-12-11,2012-11-05,United States of America,http://www.wikidata.org/entity/Q318835
1241,Emil Hlobil,1901-10-11,1987-01-25,Czech Republic,http://www.wikidata.org/entity/Q1336256
1242,Emil von Řezníček,1860-05-04,1945-08-02,Austria,http://www.wikidata.org/entity/Q550639
1243,Emil von Řezníček,1861-05-04,1945-08-02,Austria,http://www.wikidata.org/entity/Q550639
1246,Emil Ábrányi,1882-09-22,1970-02-11,Hungary,http://www.wikidata.org/entity/Q897162
1257,Emile Pessard,1843-05-29,1917-02-10,France,http://www.wikidata.org/entity/Q286316
1258,Emilio Arrieta,1823-10-21,1894-02-11,Spain,http://www.wikidata.org/entity/Q953785
1262,Emilio de' Cavalieri,1550-01-01,1602-03-11,Italy,http://www.wikidata.org/entity/Q360436
1263,Emmanuel Chabrier,1841-01-18,1894-09-13,France,http://www.wikidata.org/entity/Q313374
1271,Engelbert Humperdinck,1854-09-01,1921-09-27,Germany,http://www.wikidata.org/entity/Q55010
1274,Ennio Porrino,1910-01-20,1959-09-25,Italy,http://www.wikidata.org/entity/Q3725498
1275,Enric Morera i Viura,1865-05-22,1942-03-12,Spain,http://www.wikidata.org/entity/Q602486
1277,Enrique Granados,1867-07-27,1916-03-24,Spain,http://www.wikidata.org/entity/Q294225
1281,Eric Gross,1926-09-16,2011-04-17,Australia,http://www.wikidata.org/entity/Q5386622
1282,Erich Wolfgang Korngold,1897-05-29,1957-11-29,Czech Republic,http://www.wikidata.org/entity/Q313371
1288,Erik Chisholm,1904-01-04,1965-06-08,United Kingdom,http://www.wikidata.org/entity/Q2282938
1289,Erkki Melartin,1875-02-07,1937-02-14,Russia,http://www.wikidata.org/entity/Q534960
1290,Erkki-Sven Tüür,1959-10-16,2200-01-01,Estonia,http://www.wikidata.org/entity/Q462186
1291,Erling Brene,1896-11-14,1980-05-17,Denmark,http://www.wikidata.org/entity/Q5389792
1296,Ermanno Wolf-Ferrari,1876-01-12,1948-01-21,Italy,http://www.wikidata.org/entity/Q57275
1308,Ernest Boulanger,1815-09-16,1900-04-14,France,http://www.wikidata.org/entity/Q742477
1317,Ernest Chausson,1855-01-20,1899-06-10,France,http://www.wikidata.org/entity/Q312368
1318,Ernest Ford,1858-02-17,1919-06-02,United Kingdom,http://www.wikidata.org/entity/Q5393072
1319,Ernest Reyer,1823-12-01,1909-01-15,France,http://www.wikidata.org/entity/Q516937
1322,Ernst Krenek,1900-08-23,1991-12-22,Austria,http://www.wikidata.org/entity/Q158436
1336,Errico Petrella,1813-12-10,1877-04-07,Italy,http://www.wikidata.org/entity/Q555720
1339,Erwin Schulhoff,1894-06-08,1942-08-18,Czech Republic,http://www.wikidata.org/entity/Q89540
1340,Ethel Smyth,1858-04-22,1944-05-08,United Kingdom,http://www.wikidata.org/entity/Q236599
1344,Ettore Panizza,1875-08-12,1967-11-28,Argentina,http://www.wikidata.org/entity/Q1055200
1345,Eugen Kapp,1908-05-25,1996-10-19,Russia,http://www.wikidata.org/entity/Q937407
1346,Eugen Kapp,1908-05-25,1996-10-29,Russia,http://www.wikidata.org/entity/Q937407
1347,Eugen Kapp,1908-05-26,1996-10-19,Russia,http://www.wikidata.org/entity/Q937407
1348,Eugen Kapp,1908-05-26,1996-10-29,Russia,http://www.wikidata.org/entity/Q937407
1349,Eugen Suchoň,1908-09-25,1993-08-05,Slovakia,http://www.wikidata.org/entity/Q46100
1351,Eugen d'Albert,1864-04-10,1932-03-03,United Kingdom,http://www.wikidata.org/entity/Q57178
1368,Evald Aav,1900-03-06,1939-03-21,Estonia,http://www.wikidata.org/entity/Q365673
1369,Evgeniy Glebov,1929-09-10,2000-01-12,Russia,http://www.wikidata.org/entity/Q3918687
1370,Evžen Zámečník,1939-02-05,2018-02-19,Czech Republic,http://www.wikidata.org/entity/Q1382682
1373,F.L.Æ. Kunzen,1761-09-24,1817-01-28,Germany,http://www.wikidata.org/entity/Q643734
1374,Fabio Vacchi,1949-02-19,2200-01-01,Italy,http://www.wikidata.org/entity/Q1356952
1375,Federico Ricci,1809-10-22,1877-12-10,Italy,http://www.wikidata.org/entity/Q1369246
1376,Felice Alessandri,1742-01-01,1798-08-15,Italy,http://www.wikidata.org/entity/Q1084968
1377,Felice Alessandri,1742-01-01,1811-01-01,Italy,http://www.wikidata.org/entity/Q1084968
1378,Felice Alessandri,1747-11-24,1798-08-15,Italy,http://www.wikidata.org/entity/Q1084968
1379,Felice Alessandri,1747-11-24,1811-01-01,Italy,http://www.wikidata.org/entity/Q1084968
1460,Felice Blangini,1781-11-18,1841-12-18,Italy,http://www.wikidata.org/entity/Q3742112
1461,Felice Giardini,1716-04-12,1796-06-08,Italy,http://www.wikidata.org/entity/Q1171207
1462,Felip Pedrell,1841-02-19,1922-08-19,Spain,http://www.wikidata.org/entity/Q351394
1465,Felix Mendelssohn,1809-02-03,1847-11-04,Germany,http://www.wikidata.org/entity/Q46096
1468,Felix Weingartner,1863-06-02,1942-05-07,Croatia,http://www.wikidata.org/entity/Q316920
1470,Felix Werder,1922-02-24,2012-05-04,Germany,http://www.wikidata.org/entity/Q5442362
1471,Ferdinand Hérold,1791-01-28,1833-01-19,France,http://www.wikidata.org/entity/Q362639
1477,Ferdinando Bertoni,1725-08-15,1813-12-01,Italy,http://www.wikidata.org/entity/Q1384693
1480,Ferdinando Orlandi,1774-10-07,1848-01-05,Italy,http://www.wikidata.org/entity/Q267218
1481,Ferdinando Paer,1771-06-01,1839-05-03,Italy,http://www.wikidata.org/entity/Q533022
1488,Ferenc Erkel,1810-11-07,1893-06-15,Hungary,http://www.wikidata.org/entity/Q316820
1489,Ferenc Erkel,1810-11-07,1893-06-25,Hungary,http://www.wikidata.org/entity/Q316820
1504,Fernando Sor,1778-02-13,1839-07-10,Spain,http://www.wikidata.org/entity/Q254110
1506,Ferruccio Busoni,1866-04-01,1924-07-27,Italy,http://www.wikidata.org/entity/Q219551
1510,Fikret Amirov,1922-11-22,1984-02-20,Azerbaijan,http://www.wikidata.org/entity/Q936001
1512,Filippo Acciaiuoli,1637-01-01,1700-02-08,Italy,http://www.wikidata.org/entity/Q611822
1517,Filippo Marchetti,1831-02-26,1902-01-18,Italy,http://www.wikidata.org/entity/Q509525
1518,Flavio Testi,1923-01-04,2014-01-14,Italy,http://www.wikidata.org/entity/Q1427504
1520,Florian Leopold Gassmann,1729-05-03,1774-01-20,Czech Republic,http://www.wikidata.org/entity/Q700816
1521,Florian Leopold Gassmann,1729-05-03,1774-01-21,Czech Republic,http://www.wikidata.org/entity/Q700816
1522,Francesca Caccini,1587-09-18,1640-01-01,Italy,http://www.wikidata.org/entity/Q232035
1523,Francesco Araja,1700-01-01,1767-01-01,Italy,http://www.wikidata.org/entity/Q120419
1524,Francesco Araja,1700-01-01,1770-01-01,Italy,http://www.wikidata.org/entity/Q120419
1525,Francesco Araja,1709-06-25,1767-01-01,Italy,http://www.wikidata.org/entity/Q120419
1526,Francesco Araja,1709-06-25,1770-01-01,Italy,http://www.wikidata.org/entity/Q120419
1527,Francesco Araja,1710-01-01,1767-01-01,Italy,http://www.wikidata.org/entity/Q120419
1528,Francesco Araja,1710-01-01,1770-01-01,Italy,http://www.wikidata.org/entity/Q120419
1529,Francesco Bianchi,1752-01-01,1810-11-27,Italy,http://www.wikidata.org/entity/Q934712
1532,Francesco Cavalli,1602-02-14,1676-01-14,Italy,http://www.wikidata.org/entity/Q108062
1559,Francesco Cilea,1866-07-23,1950-11-20,Italy,http://www.wikidata.org/entity/Q250952
1565,Francesco Feo,1691-01-01,1761-01-28,Italy,http://www.wikidata.org/entity/Q915621
1566,Francesco Gasparini,1661-01-01,1727-02-22,Italy,http://www.wikidata.org/entity/Q446955
1567,Francesco Gasparini,1661-01-01,1727-03-22,Italy,http://www.wikidata.org/entity/Q446955
1568,Francesco Gasparini,1661-01-01,1737-04-01,Italy,http://www.wikidata.org/entity/Q446955
1569,Francesco Gasparini,1665-01-01,1727-02-22,Italy,http://www.wikidata.org/entity/Q446955
1570,Francesco Gasparini,1665-01-01,1727-03-22,Italy,http://www.wikidata.org/entity/Q446955
1571,Francesco Gasparini,1665-01-01,1737-04-01,Italy,http://www.wikidata.org/entity/Q446955
1572,Francesco Gasparini,1668-01-01,1727-02-22,Italy,http://www.wikidata.org/entity/Q446955
1573,Francesco Gasparini,1668-01-01,1727-03-22,Italy,http://www.wikidata.org/entity/Q446955
1574,Francesco Gasparini,1668-01-01,1737-04-01,Italy,http://www.wikidata.org/entity/Q446955
1575,Francesco Gasparini,1668-03-19,1727-02-22,Italy,http://www.wikidata.org/entity/Q446955
1576,Francesco Gasparini,1668-03-19,1727-03-22,Italy,http://www.wikidata.org/entity/Q446955
1577,Francesco Gasparini,1668-03-19,1737-04-01,Italy,http://www.wikidata.org/entity/Q446955
1590,Francesco Lucio,1628-01-01,1658-09-01,Italy,http://www.wikidata.org/entity/Q3750177
1591,Francesco Mancini,1672-01-16,1737-09-22,Italy,http://www.wikidata.org/entity/Q1356310
1592,Francesco Manelli,1594-09-13,1667-01-01,Italy,http://www.wikidata.org/entity/Q326934
1593,Francesco Maria Veracini,1690-02-01,1768-10-31,Italy,http://www.wikidata.org/entity/Q713268
1594,Francesco Morlacchi,1784-06-14,1841-10-28,Italy,http://www.wikidata.org/entity/Q571408
1595,Francesco Uttini,1723-01-01,1795-10-25,Italy,http://www.wikidata.org/entity/Q1347620
1596,Francis Poulenc,1899-01-07,1963-01-30,France,http://www.wikidata.org/entity/Q191408
1599,Francisco Asenjo Barbieri,1823-08-03,1894-02-19,Spain,http://www.wikidata.org/entity/Q1236051
1600,Franco Alfano,1875-03-08,1954-10-26,Italy,http://www.wikidata.org/entity/Q312638
1601,Franco Alfano,1875-03-08,1954-10-27,Italy,http://www.wikidata.org/entity/Q312638
1616,Franco Battiato,1945-03-23,2200-01-01,Italy,http://www.wikidata.org/entity/Q25147
1617,Franco Faccio,1840-03-08,1891-07-21,Italy,http://www.wikidata.org/entity/Q525052
1618,Franghiz Ali-Zadeh,1947-05-28,2200-01-01,Azerbaijan,http://www.wikidata.org/entity/Q288110
1619,Frank Martin,1890-09-15,1974-11-21,Switzerland,http://www.wikidata.org/entity/Q123910
1620,František Drdla,1868-11-28,1944-09-03,Czech Republic,http://www.wikidata.org/entity/Q3490111
1621,František Neumann,1874-06-16,1929-02-25,Czech Republic,http://www.wikidata.org/entity/Q5492570
1622,František Zdeněk Skuherský,1830-07-31,1892-08-19,Czech Republic,http://www.wikidata.org/entity/Q464379
1625,František Škroup,1801-06-03,1862-02-07,Czech Republic,http://www.wikidata.org/entity/Q1375928
1633,Franz Abt,1819-12-22,1885-03-31,Germany,http://www.wikidata.org/entity/Q174178
1634,Franz Andreas Holly,1747-11-28,1783-05-04,Czech Republic,http://www.wikidata.org/entity/Q1110380
1635,Franz Berwald,1796-07-23,1868-04-03,Sweden,http://www.wikidata.org/entity/Q217044
1639,Franz Danzi,1763-05-15,1826-04-13,Germany,http://www.wikidata.org/entity/Q311409
1640,Franz Danzi,1763-06-15,1826-04-13,Germany,http://www.wikidata.org/entity/Q311409
1643,Franz Ignaz Beck,1734-02-20,1809-12-31,Germany,http://www.wikidata.org/entity/Q522261
1646,Franz Joseph Glæser,1798-04-19,1861-08-29,Czech Republic,http://www.wikidata.org/entity/Q694062
1648,Franz Lehár,1870-04-30,1948-10-24,Slovakia,http://www.wikidata.org/entity/Q191917
1663,Franz Schmidt,1874-12-22,1939-02-11,Slovakia,http://www.wikidata.org/entity/Q434601
1664,Franz Schreker,1878-03-23,1934-03-21,Monaco,http://www.wikidata.org/entity/Q78528
1673,Franz von Suppé,1819-04-18,1895-05-21,Croatia,http://www.wikidata.org/entity/Q310431
1686,François Adrien Boieldieu,1775-12-16,1834-10-08,France,http://www.wikidata.org/entity/Q109875
1692,François Bouvard,1684-01-01,1760-03-02,France,http://www.wikidata.org/entity/Q3084089
1694,François Devienne,1759-01-31,1803-09-05,France,http://www.wikidata.org/entity/Q711034
1695,François Joseph Gossec,1734-01-17,1829-02-16,Belgium,http://www.wikidata.org/entity/Q313667
1697,François-André Danican Philidor,1726-09-07,1795-08-31,France,http://www.wikidata.org/entity/Q203229
1701,Fred Raymond,1900-04-20,1954-01-10,Austria,http://www.wikidata.org/entity/Q86235
1704,Frederick Delius,1862-01-29,1934-06-10,United Kingdom,http://www.wikidata.org/entity/Q312698
1710,Friedrich Kuhlau,1786-09-11,1832-03-12,Germany,http://www.wikidata.org/entity/Q157865
1711,Friedrich von Flotow,1812-04-27,1883-01-24,Germany,http://www.wikidata.org/entity/Q155425
1713,Fritz Kreisler,1875-02-02,1962-01-29,Austria,http://www.wikidata.org/entity/Q78517
1714,Fromental Halévy,1799-05-27,1862-03-17,France,http://www.wikidata.org/entity/Q313917
1725,Frédéric Blasius,1768-04-24,1829-01-01,France,http://www.wikidata.org/entity/Q3817983
1726,Félicien-César David,1810-04-13,1876-08-29,France,http://www.wikidata.org/entity/Q951933
1727,Gabriel Fauré,1845-05-12,1924-11-04,France,http://www.wikidata.org/entity/Q104919
1729,Gaetano Andreozzi,1755-05-22,1826-12-21,Italy,http://www.wikidata.org/entity/Q2376892
1756,Gaetano Braga,1829-06-09,1907-11-21,Italy,http://www.wikidata.org/entity/Q1265757
1758,Gaetano Donizetti,1797-11-29,1848-04-08,Italy,http://www.wikidata.org/entity/Q101698
1831,Gaetano Latilla,1711-01-12,1788-01-15,Italy,http://www.wikidata.org/entity/Q1355714
1835,Gaetano Marinelli,1754-06-03,2200-01-01,Italy,http://www.wikidata.org/entity/Q3757044
1836,Gara Garayev,1918-02-05,1982-05-13,Azerbaijan,http://www.wikidata.org/entity/Q580027
1837,Gaspare Spontini,1774-11-14,1851-01-24,Italy,http://www.wikidata.org/entity/Q168485
1843,Gavin Bryars,1943-01-16,2200-01-01,United Kingdom,http://www.wikidata.org/entity/Q713939
1844,Gavino Gabriel,1881-08-15,1980-11-28,Italy,http://www.wikidata.org/entity/Q15059668
1845,Geminiano Giacomelli,1692-05-28,1740-01-25,Italy,http://www.wikidata.org/entity/Q2517255
1846,Gennaro Astarita,1745-01-01,1805-12-18,Italy,http://www.wikidata.org/entity/Q959921
1847,Geoffrey Bush,1920-03-23,1998-02-24,United Kingdom,http://www.wikidata.org/entity/Q5534496
1849,Georg Christoph Wagenseil,1715-01-29,1777-03-01,Austria,http://www.wikidata.org/entity/Q79104
1850,Georg Jarno,1868-06-03,1920-05-25,Hungary,http://www.wikidata.org/entity/Q359500
1851,Georg Philipp Telemann,1681-03-14,1767-06-25,Germany,http://www.wikidata.org/entity/Q75854
1861,George Alexander Macfarren,1813-03-02,1887-10-31,United Kingdom,http://www.wikidata.org/entity/Q1374708
1866,George Antheil,1900-07-08,1959-02-12,United States of America,http://www.wikidata.org/entity/Q137739
1873,George Benjamin,1960-01-31,2200-01-01,United Kingdom,http://www.wikidata.org/entity/Q945633
1876,George Enescu,1881-08-19,1955-05-04,Romania,http://www.wikidata.org/entity/Q77177
1877,George Frideric Handel,1685-03-05,1759-04-14,Germany,http://www.wikidata.org/entity/Q7302
1939,George Gershwin,1898-09-26,1937-07-11,United States of America,http://www.wikidata.org/entity/Q123829
1941,George Whitefield Chadwick,1854-11-13,1931-04-04,United States of America,http://www.wikidata.org/entity/Q542747
1942,Georges Bizet,1838-10-25,1875-06-03,France,http://www.wikidata.org/entity/Q56158
1952,Georgi Atanasov,1882-05-06,1931-11-17,Bulgaria,http://www.wikidata.org/entity/Q5547103
1953,Germaine Tailleferre,1892-04-19,1983-11-07,France,http://www.wikidata.org/entity/Q376383
1955,Giacomo Cordella,1786-07-25,1847-05-08,Italy,http://www.wikidata.org/entity/Q3762050
1956,Giacomo Insanguine,1728-03-22,1795-02-01,Italy,http://www.wikidata.org/entity/Q927177
1957,Giacomo Meyerbeer,1791-09-05,1864-05-02,Germany,http://www.wikidata.org/entity/Q105237
1991,Giacomo Orefice,1865-08-27,1922-12-22,Italy,http://www.wikidata.org/entity/Q3762210
1992,Giacomo Puccini,1858-12-22,1924-11-29,Italy,http://www.wikidata.org/entity/Q7311
2004,Giacomo Rust,1741-01-01,1786-01-01,Italy,http://www.wikidata.org/entity/Q1966066
2005,Gian Carlo Menotti,1911-07-07,2007-02-01,Italy,http://www.wikidata.org/entity/Q270662
2030,Gian Francesco Malipiero,1882-03-18,1973-08-01,Italy,http://www.wikidata.org/entity/Q318968
2031,Gian Francesco de Majo,1732-03-24,1770-11-17,Italy,http://www.wikidata.org/entity/Q721351
2032,Gian Francesco de Majo,1732-03-27,1770-11-17,Italy,http://www.wikidata.org/entity/Q721351
2035,Gioacchino Cocchi,1715-01-01,1804-01-01,Italy,http://www.wikidata.org/entity/Q658767
2036,Gioacchino Cocchi,1720-01-01,1804-01-01,Italy,http://www.wikidata.org/entity/Q658767
2039,Gioachino Rossini,1792-02-29,1868-11-13,Italy,http://www.wikidata.org/entity/Q9726
2082,Giorgio Battistelli,1953-04-25,2200-01-01,Italy,http://www.wikidata.org/entity/Q174223
2085,Giovanni Alberto Ristori,1692-01-01,1753-02-07,Italy,http://www.wikidata.org/entity/Q174633
2088,Giovanni Battista Bassani,1650-01-01,1716-10-01,Italy,http://www.wikidata.org/entity/Q465565
2090,Giovanni Battista Bononcini,1670-07-18,1747-07-09,Italy,http://www.wikidata.org/entity/Q315241
2092,Giovanni Battista Borghi,1738-08-25,1796-02-25,Italy,http://www.wikidata.org/entity/Q664913
2095,Giovanni Battista Ferrandini,1709-10-12,1791-11-25,Italy,http://www.wikidata.org/entity/Q174355
2096,Giovanni Battista Lampugnani,1708-01-01,1788-06-02,Italy,http://www.wikidata.org/entity/Q739019
2099,Giovanni Battista Pergolesi,1710-01-04,1736-03-16,Italy,http://www.wikidata.org/entity/Q185312
2109,Giovanni Battista Pescetti,1704-01-01,1766-03-20,Italy,http://www.wikidata.org/entity/Q1526310
2110,Giovanni Pacini,1796-02-17,1867-12-06,Italy,http://www.wikidata.org/entity/Q357022
2120,Giovanni Paisiello,1740-05-09,1816-06-05,Italy,http://www.wikidata.org/entity/Q202303
2134,Giovanni Porta,1675-01-01,1755-06-21,Italy,http://www.wikidata.org/entity/Q571407
2135,Girolamo Abos,1715-11-15,1760-10-01,Malta,http://www.wikidata.org/entity/Q1397669
2136,Girolamo Abos,1715-11-16,1760-10-01,Malta,http://www.wikidata.org/entity/Q1397669
2151,Giselher Klebe,1925-06-28,2009-10-05,Germany,http://www.wikidata.org/entity/Q690846
2154,Giulio Alary,1814-03-16,1890-04-17,Italy,http://www.wikidata.org/entity/Q28466067
2155,Giulio Alary,1814-03-16,1891-04-17,Italy,http://www.wikidata.org/entity/Q28466067
2166,Giuseppe Aldrovandini,1671-06-08,1707-02-08,Italy,http://www.wikidata.org/entity/Q711931
2167,Giuseppe Aldrovandini,1671-06-08,1707-02-09,Italy,http://www.wikidata.org/entity/Q711931
2202,Giuseppe Amendola,1750-01-01,1808-01-01,Italy,http://www.wikidata.org/entity/Q3107973
2205,Giuseppe Apolloni,1822-04-08,1889-12-31,Italy,http://www.wikidata.org/entity/Q3107980
2214,Giuseppe Arena,1713-01-01,1784-11-06,Malta,http://www.wikidata.org/entity/Q3770016
2215,Giuseppe Bonno,1711-01-29,1788-04-15,Austria,http://www.wikidata.org/entity/Q700798
2217,Giuseppe Curcio,1752-07-17,1832-08-09,Italy,http://www.wikidata.org/entity/Q3770379
2218,Giuseppe Farinelli,1769-05-07,1836-12-12,Italy,http://www.wikidata.org/entity/Q1411581
2226,Giuseppe Gazzaniga,1743-10-05,1818-02-01,Italy,http://www.wikidata.org/entity/Q951575
2231,Giuseppe Giordani,1751-12-19,1798-01-04,Italy,http://www.wikidata.org/entity/Q1387662
2234,Giuseppe Lillo,1814-02-26,1863-02-04,Italy,http://www.wikidata.org/entity/Q926580
2235,Giuseppe Maria Buini,1680-01-01,1739-05-13,Italy,http://www.wikidata.org/entity/Q16571741
2240,Giuseppe Maria Orlandini,1676-04-04,1760-10-24,Italy,http://www.wikidata.org/entity/Q594181
2243,Giuseppe Mosca,1772-01-01,1839-09-14,Italy,http://www.wikidata.org/entity/Q592278
2247,Giuseppe Sarti,1729-12-01,1802-07-28,Italy,http://www.wikidata.org/entity/Q455199
2256,Giuseppe Scarlatti,1723-01-01,1777-08-17,Italy,http://www.wikidata.org/entity/Q795584
2257,Giuseppe Scolari,1720-01-01,1774-01-01,Italy,http://www.wikidata.org/entity/Q457364
2258,Giuseppe Verdi,1813-10-10,1901-01-27,Italy,http://www.wikidata.org/entity/Q7317
2288,Gottfried von Einem,1918-01-24,1996-07-12,Switzerland,http://www.wikidata.org/entity/Q434389
2294,Grażyna Bacewicz,1909-02-05,1969-01-17,Poland,http://www.wikidata.org/entity/Q230978
2295,Gregorio Sciroli,1722-10-05,1781-01-01,Italy,http://www.wikidata.org/entity/Q3776540
2296,Grigory Frid,1915-09-22,2012-09-22,Russia,http://www.wikidata.org/entity/Q945038
2297,Grégoire Hetzel,1972-01-01,2200-01-01,France,http://www.wikidata.org/entity/Q1551537
2298,Gustav Ernesaks,1908-12-12,1993-01-24,Estonia,http://www.wikidata.org/entity/Q1346593
2299,Gustav Holst,1874-09-21,1934-05-25,United Kingdom,http://www.wikidata.org/entity/Q200867
2302,Gustave Charpentier,1860-06-25,1956-02-18,France,http://www.wikidata.org/entity/Q311663
2304,Gustave Kerker,1857-02-28,1923-06-29,Germany,http://www.wikidata.org/entity/Q113876
2310,Guy Ropartz,1864-06-15,1955-11-22,France,http://www.wikidata.org/entity/Q1379409
2311,György Ligeti,1923-05-28,2006-06-12,Romania,http://www.wikidata.org/entity/Q154331
2312,Günter Kochan,1930-10-02,2009-02-22,Germany,http://www.wikidata.org/entity/Q896425
2313,Hakon Børresen,1876-06-02,1954-10-06,Denmark,http://www.wikidata.org/entity/Q563337
2314,Hans Krása,1899-11-30,1944-10-17,Czech Republic,http://www.wikidata.org/entity/Q695501
2316,Hans Pfitzner,1869-05-05,1949-05-21,Russia,http://www.wikidata.org/entity/Q57358
2317,Hans Pfitzner,1869-05-05,1949-05-22,Russia,http://www.wikidata.org/entity/Q57358
2324,Hans Sommer,1837-07-20,1922-04-26,Germany,http://www.wikidata.org/entity/Q741034
2325,Hans Vogt,1911-05-14,1992-05-19,Poland,http://www.wikidata.org/entity/Q1582893
2326,Hans Werner Henze,1926-07-01,2012-10-27,Germany,http://www.wikidata.org/entity/Q76915
2341,Harrison Birtwistle,1934-07-15,2200-01-01,United Kingdom,http://www.wikidata.org/entity/Q354335
2351,Harry Lawrence Freeman,1869-10-09,1954-03-24,United States of America,http://www.wikidata.org/entity/Q15998505
2354,Harry Somers,1925-09-11,1999-03-09,Canada,http://www.wikidata.org/entity/Q2312732
2355,Hector Berlioz,1803-12-11,1869-03-08,France,http://www.wikidata.org/entity/Q1151
2360,Heinrich Biber,1644-08-12,1704-05-03,Czech Republic,http://www.wikidata.org/entity/Q153455
2361,Heinrich Marschner,1795-08-16,1861-12-14,Germany,http://www.wikidata.org/entity/Q160063
2362,Heinrich Marschner,1797-08-16,1861-12-14,Germany,http://www.wikidata.org/entity/Q160063
2367,Heinrich Reinhardt,1865-04-13,1922-01-31,Slovakia,http://www.wikidata.org/entity/Q876833
2368,Heinrich Schütz,1585-10-14,1672-11-06,Germany,http://www.wikidata.org/entity/Q153643
2369,Heinrich Schütz,1585-10-18,1672-11-06,Germany,http://www.wikidata.org/entity/Q153643
2370,Heinrich Sutermeister,1910-08-12,1995-03-16,Switzerland,http://www.wikidata.org/entity/Q123588
2375,Heinz Holliger,1939-05-21,2200-01-01,Switzerland,http://www.wikidata.org/entity/Q123359
2376,Heitor Villa-Lobos,1887-03-05,1959-11-17,Brazil,http://www.wikidata.org/entity/Q203514
2379,Henri Christiné,1867-12-27,1941-11-25,Switzerland,http://www.wikidata.org/entity/Q676562
2380,Henri Desmarets,1661-02-01,1741-09-07,France,http://www.wikidata.org/entity/Q1345283
2382,Henri Montan Berton,1767-09-17,1844-04-22,France,http://www.wikidata.org/entity/Q1605961
2384,Henri Sauguet,1901-05-18,1989-06-22,France,http://www.wikidata.org/entity/Q708863
2386,Henry Bishop,1786-11-18,1855-04-30,United Kingdom,http://www.wikidata.org/entity/Q1200639
2389,Henry Février,1875-10-02,1957-07-06,France,http://www.wikidata.org/entity/Q3100982
2391,Henry Kimball Hadley,1871-12-20,1937-09-06,United States of America,http://www.wikidata.org/entity/Q707340
2394,Henry Purcell,1659-09-10,1695-11-21,United Kingdom,http://www.wikidata.org/entity/Q9695
2400,Heorhiy Maiboroda,1913-12-01,1992-12-06,Ukraine,http://www.wikidata.org/entity/Q4274697
2403,Herman Severin Løvenskiold,1815-07-30,1870-12-05,Norway,http://www.wikidata.org/entity/Q1610355
2404,Hermann Goetz,1840-12-07,1876-12-03,Germany,http://www.wikidata.org/entity/Q61841
2405,Hermann Reutter,1900-06-17,1985-01-01,Germany,http://www.wikidata.org/entity/Q314867
2406,Hippolyte André Jean Baptiste Chélard,1789-02-01,1861-02-12,France,http://www.wikidata.org/entity/Q924686
2407,Hjalmar Borgstrøm,1864-03-23,1925-07-05,Norway,http://www.wikidata.org/entity/Q1350367
2409,Horatio Parker,1863-09-15,1919-12-18,United States of America,http://www.wikidata.org/entity/Q957738
2410,Hugo Weisgall,1912-10-13,1997-03-11,Czech Republic,http://www.wikidata.org/entity/Q5934607
2411,Hugo Wolf,1860-03-13,1903-02-22,Slovenia,http://www.wikidata.org/entity/Q215747
2412,Hynek Vojáček,1825-12-04,1916-02-09,Czech Republic,http://www.wikidata.org/entity/Q12021136
2413,Iain Bell,1980-01-01,2200-01-01,United Kingdom,http://www.wikidata.org/entity/Q15101007
2416,Iain Hamilton,1922-06-06,2000-07-21,United Kingdom,http://www.wikidata.org/entity/Q1655371
2419,Ignacy Jan Paderewski,1860-11-18,1941-06-29,Poland,http://www.wikidata.org/entity/Q191957
2420,Ignaz Brüll,1846-11-07,1907-09-17,Czech Republic,http://www.wikidata.org/entity/Q78703
2421,Ignaz Holzbauer,1711-09-17,1783-04-07,Austria,http://www.wikidata.org/entity/Q697238
2422,Ignaz Holzbauer,1711-09-18,1783-04-07,Austria,http://www.wikidata.org/entity/Q697238
2427,Igor Stravinsky,1882-06-17,1971-04-06,Russia,http://www.wikidata.org/entity/Q7314
2433,Ikuma Dan,1924-04-07,2001-05-17,Japan,http://www.wikidata.org/entity/Q2381947
2436,Ildebrando Pizzetti,1880-09-20,1968-02-13,Italy,http://www.wikidata.org/entity/Q379267
2450,Ilja Hurník,1922-11-25,2013-09-07,Czech Republic,http://www.wikidata.org/entity/Q324401
2457,Ilja Zeljenka,1932-12-21,2007-07-13,Slovakia,http://www.wikidata.org/entity/Q1658643
2458,Inglis Gundry,1905-05-08,2000-04-13,United Kingdom,http://www.wikidata.org/entity/Q16014894
2459,Isaac Albéniz,1860-05-29,1909-05-18,Spain,http://www.wikidata.org/entity/Q185812
2460,Isaac Albéniz,1861-05-29,1909-05-18,Spain,http://www.wikidata.org/entity/Q185812
2465,Isabelle Aboulker,1938-10-23,2200-01-01,France,http://www.wikidata.org/entity/Q278710
2468,Italo Brancucci,1904-01-01,1958-01-01,Italy,http://www.wikidata.org/entity/Q3155884
2469,Italo Montemezzi,1875-08-04,1952-05-15,Italy,http://www.wikidata.org/entity/Q507789
2472,Ivan Dzerzhinsky,1909-04-22,1978-01-18,Russia,http://www.wikidata.org/entity/Q2474615
2474,Ivan Zajc,1832-08-03,1914-12-16,Croatia,http://www.wikidata.org/entity/Q380547
2476,Ivar Hallström,1826-06-05,1901-04-11,Sweden,http://www.wikidata.org/entity/Q1675681
2477,J. E. P. Aldous,1853-12-08,1934-01-23,Canada,http://www.wikidata.org/entity/Q15436993
2481,Jack Beeson,1921-07-15,2010-06-06,United States of America,http://www.wikidata.org/entity/Q323757
2489,Jacob Niclas Ahlström,1805-06-05,1857-05-14,Sweden,http://www.wikidata.org/entity/Q704614
2490,Jacopo Peri,1561-08-30,1633-08-12,Italy,http://www.wikidata.org/entity/Q205519
2492,Jacques Aubert,1689-09-30,1753-05-19,France,http://www.wikidata.org/entity/Q1677889
2498,Jacques Ibert,1890-08-15,1962-02-05,France,http://www.wikidata.org/entity/Q296828
2500,Jacques Offenbach,1819-06-20,1880-10-05,Germany,http://www.wikidata.org/entity/Q41555
2576,Jake Heggie,1961-03-31,2200-01-01,United States of America,http://www.wikidata.org/entity/Q1378415
2579,Jakov Gotovac,1895-10-11,1982-10-16,Croatia,http://www.wikidata.org/entity/Q361122
2580,Jan Bach,1937-12-11,2200-01-01,United States of America,http://www.wikidata.org/entity/Q6148517
2582,Jan Brandts Buys,1868-09-12,1933-12-07,Netherlands,http://www.wikidata.org/entity/Q331494
2583,Jan Dismas Zelenka,1679-10-16,1745-12-23,Czech Republic,http://www.wikidata.org/entity/Q157777
2584,Jan Evangelista Zelinka,1893-01-13,1969-06-30,Czech Republic,http://www.wikidata.org/entity/Q12022503
2588,Jan Frank Fischer,1921-09-15,2006-01-27,Czech Republic,http://www.wikidata.org/entity/Q12022526
2590,Jan Kalivoda,1801-02-21,1866-12-03,Czech Republic,http://www.wikidata.org/entity/Q642243
2591,Jan Malát,1843-06-16,1915-12-02,Czech Republic,http://www.wikidata.org/entity/Q12022810
2593,Jan Nepomuk Škroup,1811-09-15,1892-05-05,Czech Republic,http://www.wikidata.org/entity/Q338874
2596,Jan Zdeněk Bartoš,1908-06-04,1981-06-01,Czech Republic,http://www.wikidata.org/entity/Q1682387
2597,Jarmil Burghauser,1921-10-21,1997-02-19,Czech Republic,http://www.wikidata.org/entity/Q1378596
2599,Jaromír Weinberger,1896-01-08,1967-08-08,Czech Republic,http://www.wikidata.org/entity/Q215828
2600,Jaroslav Vogel,1894-01-11,1970-02-02,Czech Republic,http://www.wikidata.org/entity/Q3492835
2603,Jaume Pahissa,1880-10-07,1969-10-27,Spain,http://www.wikidata.org/entity/Q4892960
2607,Jean Absil,1893-10-23,1974-02-02,Belgium,http://www.wikidata.org/entity/Q364121
2608,Jean Gilbert,1879-02-11,1942-12-20,Germany,http://www.wikidata.org/entity/Q68038
2611,Jean Roger-Ducasse,1873-04-18,1954-07-19,France,http://www.wikidata.org/entity/Q649959
2612,Jean Sibelius,1865-12-08,1957-09-20,Finland,http://www.wikidata.org/entity/Q45682
2614,Jean-Baptiste Cardonne,1730-06-30,1792-08-01,France,http://www.wikidata.org/entity/Q1684620
2615,Jean-Baptiste Lully,1632-11-28,1687-03-22,Italy,http://www.wikidata.org/entity/Q1192
2630,Jean-Benjamin de La Borde,1734-09-05,1794-07-22,France,http://www.wikidata.org/entity/Q932694
2632,Jean-Claude Amiot,1939-10-18,2200-01-01,France,http://www.wikidata.org/entity/Q1684736
2634,Jean-Féry Rebel,1666-04-18,1747-01-02,France,http://www.wikidata.org/entity/Q954589
2635,Jean-Joseph Mouret,1682-04-11,1738-12-20,France,http://www.wikidata.org/entity/Q960766
2636,Jean-Joseph de Mondonville,1711-12-25,1772-10-08,France,http://www.wikidata.org/entity/Q371862
2640,Jean-Philippe Rameau,1683-09-25,1764-09-12,France,http://www.wikidata.org/entity/Q1145
2655,Jean-Pierre Solié,1755-01-01,1812-08-06,France,http://www.wikidata.org/entity/Q537540
2656,Jenő Hubay,1858-09-15,1937-03-12,Hungary,http://www.wikidata.org/entity/Q709178
2657,Jenő Ádám,1896-12-12,1982-05-15,Hungary,http://www.wikidata.org/entity/Q716160
2659,Jesús Guridi Bidaola,1886-09-25,1961-04-07,Spain,http://www.wikidata.org/entity/Q978147
2662,Jewgeni Karlowitsch Tikoski,1893-12-26,1970-11-24,Russia,http://www.wikidata.org/entity/Q516905
2664,Jiří Antonín Benda,1722-06-30,1795-11-06,Czech Republic,http://www.wikidata.org/entity/Q213535
2669,Jiří Bárta,1935-06-19,2012-01-04,Czech Republic,http://www.wikidata.org/entity/Q10607470
2670,Joachim Albertini,1748-11-30,1811-04-18,Italy,http://www.wikidata.org/entity/Q2058127
2676,Joan Lamote de Grignon,1872-07-07,1949-03-11,Spain,http://www.wikidata.org/entity/Q587631
2678,Joaquín Rodrigo,1901-11-22,1999-07-06,Spain,http://www.wikidata.org/entity/Q151084
2679,Joaquín Turina,1882-12-09,1949-01-14,Spain,http://www.wikidata.org/entity/Q318077
2681,Johann Adam Hiller,1728-12-25,1804-06-16,Germany,http://www.wikidata.org/entity/Q432299
2683,Johann Adolph Hasse,1699-03-15,1783-12-16,Germany,http://www.wikidata.org/entity/Q164732
2684,Johann Adolph Hasse,1699-03-25,1783-12-16,Germany,http://www.wikidata.org/entity/Q164732
2729,Johann Andreas Amon,1763-08-24,1825-03-29,Germany,http://www.wikidata.org/entity/Q528064
2730,Johann Andreas Amon,1763-10-18,1825-03-29,Germany,http://www.wikidata.org/entity/Q528064
2731,Johann André,1741-03-24,1799-06-13,Germany,http://www.wikidata.org/entity/Q69258
2732,Johann André,1741-03-24,1799-06-18,Germany,http://www.wikidata.org/entity/Q69258
2733,Johann André,1741-03-28,1799-06-13,Germany,http://www.wikidata.org/entity/Q69258
2734,Johann André,1741-03-28,1799-06-18,Germany,http://www.wikidata.org/entity/Q69258
2767,Johann Augustin Kobelius,1674-02-21,1731-08-17,Germany,http://www.wikidata.org/entity/Q1692473
2768,Johann Caspar Aiblinger,1779-02-23,1867-05-06,Germany,http://www.wikidata.org/entity/Q69691
2770,Johann Christian Bach,1735-09-05,1782-01-01,Germany,http://www.wikidata.org/entity/Q106641
2779,Johann Christoph Pepusch,1667-01-01,1752-07-31,Germany,http://www.wikidata.org/entity/Q371825
2780,Johann Friedrich Agricola,1720-01-04,1774-12-02,Germany,http://www.wikidata.org/entity/Q60965
2785,Johann Friedrich Kittl,1806-05-08,1868-07-20,Czech Republic,http://www.wikidata.org/entity/Q1565717
2788,Johann Joseph Abert,1832-09-20,1915-04-01,Czech Republic,http://www.wikidata.org/entity/Q550772
2795,Johann Joseph Fux,1660-01-01,1741-02-13,Austria,http://www.wikidata.org/entity/Q311378
2796,Johann Mattheson,1681-09-28,1764-04-17,Germany,http://www.wikidata.org/entity/Q170333
2797,Johann Philipp Förtsch,1652-05-14,1732-12-14,Germany,http://www.wikidata.org/entity/Q878238
2798,Johann Strauss II,1825-10-25,1899-06-03,Austria,http://www.wikidata.org/entity/Q83309
2811,Johann Vogel,1756-03-18,1788-06-26,Germany,http://www.wikidata.org/entity/Q551526
2812,Johann Vogel,1756-03-18,1788-06-28,Germany,http://www.wikidata.org/entity/Q551526
2813,Johanna Doderer,1969-09-18,2200-01-01,Austria,http://www.wikidata.org/entity/Q86409
2814,John Adams,1947-02-15,2200-01-01,United States of America,http://www.wikidata.org/entity/Q84114
2822,John Barnett,1802-07-15,1890-04-16,United Kingdom,http://www.wikidata.org/entity/Q4992209
2825,John Blow,1649-01-01,1708-10-01,United Kingdom,http://www.wikidata.org/entity/Q311110
2826,John Burge,1961-01-02,2200-01-01,Canada,http://www.wikidata.org/entity/Q6223885
2827,John Cage,1912-09-05,1992-08-12,United States of America,http://www.wikidata.org/entity/Q180727
2828,John Corigliano,1938-02-16,2200-01-01,United States of America,http://www.wikidata.org/entity/Q450620
2829,John Frederick Lampe,1703-01-01,1751-07-25,Germany,http://www.wikidata.org/entity/Q480487
2830,John Gardner,1917-03-02,2011-12-12,United Kingdom,http://www.wikidata.org/entity/Q3245055
2831,John Philip Sousa,1854-11-06,1932-03-06,United States of America,http://www.wikidata.org/entity/Q295935
2832,Jonathan Battishill,1738-05-01,1801-12-10,United Kingdom,http://www.wikidata.org/entity/Q6272532
2833,Jonathan Dove,1959-07-18,2200-01-01,United Kingdom,http://www.wikidata.org/entity/Q1333954
2835,Jorma Panula,1930-08-10,2200-01-01,Finland,http://www.wikidata.org/entity/Q718059
2836,Josef Bartovský,1884-12-03,1964-11-19,Czech Republic,http://www.wikidata.org/entity/Q12025865
2842,Josef Berg,1927-03-08,1971-02-26,Czech Republic,http://www.wikidata.org/entity/Q6279696
2846,Josef Bohuslav Foerster,1859-12-30,1951-05-29,Czech Republic,http://www.wikidata.org/entity/Q450803
2852,Josef Dessauer,1798-05-28,1876-07-08,Czech Republic,http://www.wikidata.org/entity/Q322065
2855,Josef Leopold Zvonař,1824-01-22,1865-01-23,Czech Republic,http://www.wikidata.org/entity/Q1705143
2856,Josef Mysliveček,1737-03-09,1781-02-04,Czech Republic,http://www.wikidata.org/entity/Q313974
2883,Josef Nešvera,1842-10-24,1914-04-12,Czech Republic,http://www.wikidata.org/entity/Q1705377
2884,Josef Richard Rozkošný,1833-09-21,1913-06-03,Czech Republic,http://www.wikidata.org/entity/Q2332211
2892,Josef Schreier,1718-01-02,2200-01-01,Czech Republic,http://www.wikidata.org/entity/Q12026587
2893,Josep Duran,1730-01-01,1802-01-24,Spain,http://www.wikidata.org/entity/Q3810161
2894,Joseph Beer,1908-01-01,1987-01-01,Ukraine,http://www.wikidata.org/entity/Q88552
2895,Joseph Bodin de Boismortier,1689-12-23,1755-10-28,France,http://www.wikidata.org/entity/Q512133
2896,Joseph François Salomon,1649-04-01,1732-03-05,France,http://www.wikidata.org/entity/Q3083472
2897,Joseph Gehot,1756-04-07,1820-01-01,Belgium,http://www.wikidata.org/entity/Q1707085
2898,Joseph Haydn,1732-03-31,1809-05-31,Spain,http://www.wikidata.org/entity/Q7349
2913,Joseph Holbrooke,1878-07-05,1958-08-05,United Kingdom,http://www.wikidata.org/entity/Q1358354
2915,Joseph Parry,1841-05-21,1903-02-17,United Kingdom,http://www.wikidata.org/entity/Q3395608
2917,Joseph Weigl,1766-03-28,1846-02-03,Austria,http://www.wikidata.org/entity/Q78798
2918,Joseph Weigl,1766-03-29,1846-02-03,Austria,http://www.wikidata.org/entity/Q78798
2919,José María Usandizaga,1887-03-31,1915-10-05,Spain,http://www.wikidata.org/entity/Q2280662
2921,José Serrano Simeón,1873-10-14,1941-03-08,Spain,http://www.wikidata.org/entity/Q2762665
2922,José Ángel Montero,1832-10-02,1881-08-24,Venezuela,http://www.wikidata.org/entity/Q974138
2923,João de Sousa Carvalho,1745-02-22,1799-01-01,Portugal,http://www.wikidata.org/entity/Q2247998
2924,Juan Manuel Abras,1975-02-01,2200-01-01,Sweden,http://www.wikidata.org/entity/Q15726312
2925,Juan Manén,1883-03-14,1971-06-26,Spain,http://www.wikidata.org/entity/Q2701684
2929,Judith Weir,1954-05-11,2200-01-01,United Kingdom,http://www.wikidata.org/entity/Q2411818
2932,Jules Massenet,1842-05-12,1912-08-13,France,http://www.wikidata.org/entity/Q194436
2958,Julian Edwards,1855-12-11,1910-09-05,United Kingdom,http://www.wikidata.org/entity/Q1711977
2959,Julian Grant,1960-10-03,2200-01-01,United Kingdom,http://www.wikidata.org/entity/Q6307210
2960,Julius Benedict,1804-11-27,1885-06-05,Germany,http://www.wikidata.org/entity/Q510435
2963,Julius Bittner,1874-04-09,1939-01-09,Austria,http://www.wikidata.org/entity/Q668969
2964,Julius Eichberg,1824-06-13,1893-01-18,Germany,http://www.wikidata.org/entity/Q6309774
2966,Julius Kalaš,1902-08-18,1967-05-12,Czech Republic,http://www.wikidata.org/entity/Q1712730
2967,Julián Carrillo,1875-01-28,1965-09-09,Mexico,http://www.wikidata.org/entity/Q681634
2968,Junsang Bahk,1937-06-02,2200-01-01,South Korea,http://www.wikidata.org/entity/Q6314321
2969,Ján Cikker,1911-07-29,1989-12-21,Slovakia,http://www.wikidata.org/entity/Q692171
2978,Ján Levoslav Bella,1843-09-04,1936-05-25,Slovakia,http://www.wikidata.org/entity/Q964103
2979,Jörg Widmann,1973-06-19,2200-01-01,Germany,http://www.wikidata.org/entity/Q462746
2980,Jürg Baur,1918-11-11,2010-01-31,Germany,http://www.wikidata.org/entity/Q896872
2981,Kaija Saariaho,1952-10-14,2200-01-01,Finland,http://www.wikidata.org/entity/Q241432
2984,Karel Bendl,1838-04-16,1897-09-20,Czech Republic,http://www.wikidata.org/entity/Q961474
2993,Karel Kovařovic,1862-12-09,1920-12-06,Czech Republic,http://www.wikidata.org/entity/Q2099524
2998,Karel Moor,1873-12-26,1945-03-30,Czech Republic,http://www.wikidata.org/entity/Q12028407
2999,Karel Weis,1862-02-13,1944-04-04,Czech Republic,http://www.wikidata.org/entity/Q778555
3004,Karel Šebor,1843-08-13,1903-05-18,Czech Republic,http://www.wikidata.org/entity/Q721518
3009,Karl Amadeus Hartmann,1905-08-02,1963-12-05,Germany,http://www.wikidata.org/entity/Q366100
3010,Karl Anton Eckert,1820-12-17,1879-10-14,Germany,http://www.wikidata.org/entity/Q551438
3011,Karl Christian Agthe,1762-06-16,1797-11-27,Germany,http://www.wikidata.org/entity/Q88856
3016,Karl Goldmark,1830-05-18,1915-01-02,Hungary,http://www.wikidata.org/entity/Q239214
3018,Karl Michael Ziehrer,1843-05-02,1922-11-14,Austria,http://www.wikidata.org/entity/Q696576
3019,Karl-Birger Blomdahl,1916-10-19,1968-06-14,Sweden,http://www.wikidata.org/entity/Q1208405
3021,Karol Kurpiński,1785-03-06,1857-09-18,Poland,http://www.wikidata.org/entity/Q1734181
3024,Karol Szymanowski,1882-10-03,1937-03-29,Ukraine,http://www.wikidata.org/entity/Q295400
3025,Karol Szymanowski,1882-10-06,1937-03-29,Ukraine,http://www.wikidata.org/entity/Q295400
3028,Karólína Eiríksdóttir,1951-01-01,2200-01-01,Iceland,http://www.wikidata.org/entity/Q3480142
3030,Kirke Mechem,1925-08-16,2200-01-01,United States of America,http://www.wikidata.org/entity/Q6415644
3031,Konstantyn Dankevych,1905-12-24,1984-02-26,Ukraine,http://www.wikidata.org/entity/Q4154930
3032,Kosaku Yamada,1886-06-09,1965-12-29,Japan,http://www.wikidata.org/entity/Q947908
3033,Krzysztof Meyer,1943-08-11,2200-01-01,Poland,http://www.wikidata.org/entity/Q652558
3034,Krzysztof Penderecki,1933-11-23,2200-01-01,Poland,http://www.wikidata.org/entity/Q153469
3036,Kurt Atterberg,1887-12-12,1974-02-15,Sweden,http://www.wikidata.org/entity/Q440388
3041,Kurt Schwertsik,1935-06-25,2200-01-01,Austria,http://www.wikidata.org/entity/Q86557
3042,Kurt Weill,1900-03-02,1950-04-03,Germany,http://www.wikidata.org/entity/Q55004
3054,Károly Aggházy,1855-10-30,1918-10-08,Hungary,http://www.wikidata.org/entity/Q516349
3055,Ladislav Holoubek,1913-08-13,1994-09-04,Czech Republic,http://www.wikidata.org/entity/Q24449220
3061,Ladislav Prokop Procházka,1872-05-01,1955-10-12,Czech Republic,http://www.wikidata.org/entity/Q12032585
3063,Lauro Rossi,1812-02-19,1885-05-05,Italy,http://www.wikidata.org/entity/Q1541765
3064,Lee Hoiby,1926-02-17,2011-03-28,United States of America,http://www.wikidata.org/entity/Q1811830
3065,Leevi Madetoja,1887-02-17,1947-10-06,Finland,http://www.wikidata.org/entity/Q713467
3066,Lennox Randal Francis Berkeley,1903-05-12,1989-12-26,United Kingdom,http://www.wikidata.org/entity/Q514975
3068,Leo Ascher,1880-08-17,1942-02-25,Austria,http://www.wikidata.org/entity/Q214530
3069,Leo Blech,1871-04-21,1958-08-24,Germany,http://www.wikidata.org/entity/Q66190
3070,Leo Blech,1871-04-21,1958-08-25,Germany,http://www.wikidata.org/entity/Q66190
3073,Leo Fall,1873-02-02,1925-09-15,Czech Republic,http://www.wikidata.org/entity/Q78585
3074,Leo Fall,1873-02-02,1925-09-16,Czech Republic,http://www.wikidata.org/entity/Q78585
3087,Leon Jessel,1871-01-22,1942-01-04,Poland,http://www.wikidata.org/entity/Q571212
3089,Leonard Kastle,1929-02-11,2011-05-18,United States of America,http://www.wikidata.org/entity/Q4216885
3090,Leonardo Balada,1933-09-22,2200-01-01,Spain,http://www.wikidata.org/entity/Q712049
3091,Leonardo Leo,1694-08-05,1744-10-31,Italy,http://www.wikidata.org/entity/Q316735
3092,Leonardo Vinci,1690-01-01,1730-05-27,Italy,http://www.wikidata.org/entity/Q29577
3100,Leonid Desyatnikov,1955-10-16,2200-01-01,Ukraine,http://www.wikidata.org/entity/Q1986248
3102,Leopold Eugen Měchura,1804-02-02,1870-02-11,Czech Republic,http://www.wikidata.org/entity/Q1682166
3104,Leoš Janáček,1854-07-03,1928-08-12,Czech Republic,http://www.wikidata.org/entity/Q184933
3114,Libby Larsen,1950-12-24,2200-01-01,United States of America,http://www.wikidata.org/entity/Q2161571
3115,Licinio Refice,1883-02-12,1954-09-11,Italy,http://www.wikidata.org/entity/Q2262579
3116,Lora Aborn,1907-01-01,2005-08-25,United States of America,http://www.wikidata.org/entity/Q15434733
3117,Lorenzo Ferrero,1951-01-01,2200-01-01,Italy,http://www.wikidata.org/entity/Q6680710
3125,Lorin Maazel,1930-03-06,2014-07-13,France,http://www.wikidata.org/entity/Q117710
3126,Loris Tjeknavorian,1937-10-13,2200-01-01,Iran,http://www.wikidata.org/entity/Q2984588
3127,Lothar Kempter,1844-02-05,1918-07-14,Germany,http://www.wikidata.org/entity/Q322323
3128,Louis Andriessen,1939-06-06,2200-01-01,Netherlands,http://www.wikidata.org/entity/Q504743
3131,Louis Aubert,1877-02-19,1968-01-09,France,http://www.wikidata.org/entity/Q962731
3132,Louis Ganne,1862-04-05,1923-07-13,France,http://www.wikidata.org/entity/Q779631
3133,Louis Gruenberg,1884-08-03,1964-06-09,Belarus,http://www.wikidata.org/entity/Q1374446
3134,Louis Gruenberg,1884-08-03,1964-06-10,Belarus,http://www.wikidata.org/entity/Q1374446
3139,Louis Lully,1664-08-04,1734-04-01,France,http://www.wikidata.org/entity/Q920015
3141,Louis Niedermeyer,1802-04-27,1861-03-13,Switzerland,http://www.wikidata.org/entity/Q304620
3142,Louis Niedermeyer,1802-04-27,1861-03-14,Switzerland,http://www.wikidata.org/entity/Q304620
3143,Louis Spohr,1784-04-05,1859-10-22,Germany,http://www.wikidata.org/entity/Q57226
3146,Louis de La Coste,1675-01-01,1750-01-01,France,http://www.wikidata.org/entity/Q3263492
3147,Louis-Emmanuel Jadin,1768-09-21,1853-04-11,France,http://www.wikidata.org/entity/Q1348195
3149,Louise Bertin,1805-01-15,1877-04-26,France,http://www.wikidata.org/entity/Q445123
3150,Lowell Liebermann,1961-02-22,2200-01-01,United States of America,http://www.wikidata.org/entity/Q1366356
3151,Luca Francesconi,1956-03-17,2200-01-01,Italy,http://www.wikidata.org/entity/Q966664
3153,Luciano Berio,1925-10-24,2003-05-27,Italy,http://www.wikidata.org/entity/Q221450
3159,Luciano Chailly,1920-01-19,2002-12-24,Italy,http://www.wikidata.org/entity/Q1060422
3160,Ludomir Różycki,1883-09-18,1953-01-01,Poland,http://www.wikidata.org/entity/Q1800718
3161,Ludwig Abeille,1761-02-20,1838-03-02,Germany,http://www.wikidata.org/entity/Q506097
3163,Ludwig Schmidseder,1904-08-24,1971-06-21,Germany,http://www.wikidata.org/entity/Q1248637
3165,Ludwig Thuille,1861-11-30,1907-02-05,Italy,http://www.wikidata.org/entity/Q702158
3166,Ludwig van Beethoven,1770-12-17,1827-03-26,Germany,http://www.wikidata.org/entity/Q255
3169,Luigi Agnesi,1833-07-17,1875-02-02,Belgium,http://www.wikidata.org/entity/Q3266373
3170,Luigi Canepa,1849-01-15,1914-05-12,Italy,http://www.wikidata.org/entity/Q15120146
3171,Luigi Caruso,1754-09-25,1823-11-15,Italy,http://www.wikidata.org/entity/Q6489001
3175,Luigi Cherubini,1760-09-14,1842-03-15,Italy,http://www.wikidata.org/entity/Q20721
3196,Luigi Dallapiccola,1904-02-03,1975-02-19,Croatia,http://www.wikidata.org/entity/Q17575
3200,Luigi Gatti,1740-06-11,1817-03-01,Italy,http://www.wikidata.org/entity/Q679738
3201,Luigi Marescalchi,1745-02-01,1812-01-01,Italy,http://www.wikidata.org/entity/Q20005287
3202,Luigi Nono,1924-01-29,1990-05-08,Italy,http://www.wikidata.org/entity/Q160451
3205,Luigi Ricci,1805-07-08,1859-12-31,Italy,http://www.wikidata.org/entity/Q570279
3209,Luigi Rossi,1597-01-01,1653-02-20,Italy,http://www.wikidata.org/entity/Q472714
3210,Léo Delibes,1836-02-21,1891-01-16,France,http://www.wikidata.org/entity/Q207951
3214,Léopol Haimon,1779-10-04,1866-02-02,France,http://www.wikidata.org/entity/Q743657
3217,Maciej Kamieński,1734-10-13,1821-01-25,Hungary,http://www.wikidata.org/entity/Q326261
3219,Maksym Berezovsky,1745-10-27,1777-04-02,Ukraine,http://www.wikidata.org/entity/Q1353816
3220,Manfred Gurlitt,1890-09-06,1972-04-29,Germany,http://www.wikidata.org/entity/Q446453
3221,Manfred Gurlitt,1890-09-06,1973-04-29,Germany,http://www.wikidata.org/entity/Q446453
3222,Manuel Fernández Caballero,1835-03-14,1906-02-26,Spain,http://www.wikidata.org/entity/Q3750371
3223,Marc Blitzstein,1905-03-02,1964-01-22,United States of America,http://www.wikidata.org/entity/Q918359
3237,Marc-Antoine Charpentier,1643-01-01,1704-02-24,France,http://www.wikidata.org/entity/Q55524
3244,Marcello Bernardini,1730-01-01,1799-01-01,Italy,http://www.wikidata.org/entity/Q927000
3246,Marcial del Adalid y Gurréa,1826-08-24,1881-10-16,Spain,http://www.wikidata.org/entity/Q3098932
3247,Marco Betta,1964-07-25,2200-01-01,Italy,http://www.wikidata.org/entity/Q3845952
3255,Marco Marazzoli,1602-01-01,1662-01-26,Italy,http://www.wikidata.org/entity/Q1635475
3256,Marco da Gagliano,1582-05-11,1643-02-25,Italy,http://www.wikidata.org/entity/Q540638
3257,Marcos Portugal,1762-03-24,1830-02-17,Portugal,http://www.wikidata.org/entity/Q957869
3259,Marcus Paus,1979-10-14,2200-01-01,Norway,http://www.wikidata.org/entity/Q173184
3261,Marin Marais,1656-05-31,1728-08-15,France,http://www.wikidata.org/entity/Q213519
3265,Mark Adamo,1962-01-01,2200-01-01,United States of America,http://www.wikidata.org/entity/Q960129
3270,Mark Bucci,1924-02-26,2002-08-22,United States of America,http://www.wikidata.org/entity/Q6766900
3271,Mark-Anthony Turnage,1960-06-10,2200-01-01,United Kingdom,http://www.wikidata.org/entity/Q528639
3273,Martin Smolka,1959-08-11,2200-01-01,Czech Republic,http://www.wikidata.org/entity/Q1314661
3274,Martín Matalon,1958-10-17,2200-01-01,Argentina,http://www.wikidata.org/entity/Q2512529
3275,Mary Carr Moore,1873-08-06,1957-01-09,United States of America,http://www.wikidata.org/entity/Q995851
3277,Matilde Salvador i Segarra,1918-03-23,2007-10-05,Spain,http://www.wikidata.org/entity/Q3132610
3278,Maurice Ravel,1875-03-07,1937-12-28,France,http://www.wikidata.org/entity/Q1178
3280,Mauricio Kagel,1931-12-24,2008-09-18,Argentina,http://www.wikidata.org/entity/Q178293
3281,Max Bruch,1838-01-06,1920-10-02,Germany,http://www.wikidata.org/entity/Q106434
3283,Max d'Ollone,1875-06-13,1959-05-15,France,http://www.wikidata.org/entity/Q382926
3284,Max von Schillings,1868-04-19,1933-07-24,Germany,http://www.wikidata.org/entity/Q704926
3286,Meliton Balanchivadze,1862-12-24,1937-12-21,Georgia,http://www.wikidata.org/entity/Q1237722
3287,Meredith Monk,1942-11-20,2200-01-01,United States of America,http://www.wikidata.org/entity/Q267170
3288,Mezio Agostini,1875-08-12,1944-04-22,Italy,http://www.wikidata.org/entity/Q3855836
3289,Michael Arne,1740-01-01,1786-01-14,United Kingdom,http://www.wikidata.org/entity/Q2059553
3290,Michael Arne,1741-01-01,1786-01-14,United Kingdom,http://www.wikidata.org/entity/Q2059553
3291,Michael Costa,1808-02-14,1884-04-29,Italy,http://www.wikidata.org/entity/Q1931081
3292,Michael Daugherty,1954-04-28,2200-01-01,United States of America,http://www.wikidata.org/entity/Q2251665
3293,Michael Haydn,1737-09-14,1806-08-10,Austria,http://www.wikidata.org/entity/Q490381
3294,Michael Haydn,1737-09-17,1806-08-10,Austria,http://www.wikidata.org/entity/Q490381
3295,Michael Nyman,1944-03-23,2200-01-01,United Kingdom,http://www.wikidata.org/entity/Q313639
3296,Michael Tippett,1905-01-02,1998-01-08,United Kingdom,http://www.wikidata.org/entity/Q356499
3302,Michael William Balfe,1808-05-15,1870-10-20,Ireland,http://www.wikidata.org/entity/Q434171
3313,Michel van der Aa,1970-03-10,2200-01-01,Netherlands,http://www.wikidata.org/entity/Q721124
3314,Michelangelo Valentini,1720-01-01,1768-01-01,Italy,http://www.wikidata.org/entity/Q3856467
3315,Michele Carafa,1787-11-17,1872-07-26,Italy,http://www.wikidata.org/entity/Q497494
3319,Michele Mortellari,1750-01-01,1807-03-27,Italy,http://www.wikidata.org/entity/Q3856722
3320,Mieczysław Weinberg,1919-12-08,1996-02-02,Poland,http://www.wikidata.org/entity/Q919127
3321,Mieczysław Weinberg,1919-12-08,1996-02-26,Poland,http://www.wikidata.org/entity/Q919127
3328,Miguel Bernal Jiménez,1910-02-16,1956-07-26,Mexico,http://www.wikidata.org/entity/Q362430
3329,Mikael Tariverdiev,1931-08-15,1996-07-25,Georgia,http://www.wikidata.org/entity/Q724254
3330,Mikhail Glinka,1804-06-01,1857-02-15,Russia,http://www.wikidata.org/entity/Q181885
3332,Mikhail Ippolitov-Ivanov,1859-11-19,1935-01-28,Russia,http://www.wikidata.org/entity/Q346815
3333,Mikhail Ivanov,1849-09-23,1927-10-20,Russia,http://www.wikidata.org/entity/Q4196226
3334,Mikhail Matyushin,1861-01-01,1934-10-14,Russia,http://www.wikidata.org/entity/Q787155
3335,Miloš Smatek,1895-08-12,1974-09-02,Czech Republic,http://www.wikidata.org/entity/Q12037596
3336,Minoru Miki,1930-03-16,2011-12-08,Japan,http://www.wikidata.org/entity/Q1422441
3337,Miroslav Srnka,1975-03-23,2200-01-01,Czech Republic,http://www.wikidata.org/entity/Q1490839
3338,Mohammed Fairouz,1985-11-01,2200-01-01,United States of America,http://www.wikidata.org/entity/Q6893076
3339,Moritz Eggert,1965-11-25,2200-01-01,Germany,http://www.wikidata.org/entity/Q451317
3340,Morton Feldman,1926-01-12,1987-09-03,United States of America,http://www.wikidata.org/entity/Q316427
3341,Mořic Stanislav Anger,1844-03-12,1905-08-02,Czech Republic,http://www.wikidata.org/entity/Q11180523
3342,Mukan Tulebaev,1913-03-13,1960-04-02,Russia,http://www.wikidata.org/entity/Q4465110
3343,Muslim Magomayev,1885-09-18,1937-07-28,Russia,http://www.wikidata.org/entity/Q2499809
3345,Mykola Lysenko,1842-03-22,1912-11-06,Ukraine,http://www.wikidata.org/entity/Q172425
3355,Myroslav Skoryk,1938-07-13,2200-01-01,Ukraine,http://www.wikidata.org/entity/Q278813
3356,Natale Abbadia,1782-03-11,1861-12-25,Italy,http://www.wikidata.org/entity/Q2607668
3358,Natanael Berg,1879-02-09,1957-10-14,Sweden,http://www.wikidata.org/entity/Q532510
3359,Ned Rorem,1923-10-23,2200-01-01,United States of America,http://www.wikidata.org/entity/Q733299
3360,Nevit Kodallı,1924-12-12,2009-09-01,Turkey,http://www.wikidata.org/entity/Q1471480
3362,Niccolò Antonio Zingarelli,1752-04-04,1837-05-05,Italy,http://www.wikidata.org/entity/Q505202
3375,Niccolò Jommelli,1714-09-10,1774-08-25,Italy,http://www.wikidata.org/entity/Q312891
3386,Niccolò Piccinni,1728-01-16,1800-05-07,Italy,http://www.wikidata.org/entity/Q310687
3399,Niccolò van Westerhout,1857-12-17,1898-08-21,Italy,http://www.wikidata.org/entity/Q3875924
3400,Nicholas Lens,1957-11-14,2200-01-01,Belgium,http://www.wikidata.org/entity/Q321031
3402,Nicholas Maw,1935-11-05,2009-05-19,United Kingdom,http://www.wikidata.org/entity/Q1275093
3404,Nicola Conforto,1718-09-25,1793-03-17,Italy,http://www.wikidata.org/entity/Q929666
3407,Nicola Logroscino,1698-10-22,1764-01-01,Italy,http://www.wikidata.org/entity/Q1671230
3408,Nicola Porpora,1686-08-17,1768-03-03,Italy,http://www.wikidata.org/entity/Q312788
3410,Nicola Vaccai,1790-03-15,1848-08-05,Italy,http://www.wikidata.org/entity/Q1353016
3413,Nicolae Bretan,1887-03-25,1968-12-01,Romania,http://www.wikidata.org/entity/Q984548
3418,Nicolas Dalayrac,1753-06-08,1809-11-27,France,http://www.wikidata.org/entity/Q952520
3427,Nicolas Isouard,1773-05-16,1818-03-23,Malta,http://www.wikidata.org/entity/Q736805
3428,Nikolai Karetnikov,1930-06-28,1994-10-09,Russia,http://www.wikidata.org/entity/Q2062832
3430,Nikolai Rimsky-Korsakov,1844-03-18,1908-06-20,Russia,http://www.wikidata.org/entity/Q93227
3431,Nikolai Rimsky-Korsakov,1844-03-18,1908-06-21,Russia,http://www.wikidata.org/entity/Q93227
3464,Nino Rota,1911-12-04,1979-04-10,Italy,http://www.wikidata.org/entity/Q214665
3469,Norbert Schultze,1911-01-26,2002-10-14,Germany,http://www.wikidata.org/entity/Q680203
3470,Norman Dello Joio,1913-01-24,2008-07-24,United States of America,http://www.wikidata.org/entity/Q724145
3471,Näcip Çihanof,1911-01-15,1988-06-02,Kazakhstan,http://www.wikidata.org/entity/Q1862308
3473,Olga Neuwirth,1968-08-04,2200-01-01,Austria,http://www.wikidata.org/entity/Q273654
3474,Olga Neuwirth,1968-10-04,2200-01-01,Austria,http://www.wikidata.org/entity/Q273654
3475,Olivier Messiaen,1908-12-10,1992-04-27,France,http://www.wikidata.org/entity/Q151593
3476,Oscar Ferdinand Telgmann,1855-01-01,1946-03-30,Germany,http://www.wikidata.org/entity/Q4454296
3477,Oscar Straus,1870-03-06,1954-01-11,Austria,http://www.wikidata.org/entity/Q206667
3481,Oskar Nedbal,1874-03-26,1930-12-24,Czech Republic,http://www.wikidata.org/entity/Q920997
3489,Osvald Chlubna,1893-06-22,1971-10-30,Czech Republic,http://www.wikidata.org/entity/Q1393755
3494,Osvaldo Golijov,1960-12-05,2200-01-01,Argentina,http://www.wikidata.org/entity/Q701257
3495,Otakar Bradáč,1874-11-10,1924-01-11,Czech Republic,http://www.wikidata.org/entity/Q12043166
3497,Otar Taktakishvili,1924-07-27,1989-02-24,Georgia,http://www.wikidata.org/entity/Q1305852
3500,Othmar Schoeck,1886-09-01,1957-03-08,Switzerland,http://www.wikidata.org/entity/Q661927
3502,Otmar Mácha,1922-10-02,2006-12-14,Czech Republic,http://www.wikidata.org/entity/Q428647
3509,Oto Ferenczy,1921-03-30,2000-05-03,Slovakia,http://www.wikidata.org/entity/Q24471576
3510,Ottmar Gerster,1897-06-29,1969-08-31,Germany,http://www.wikidata.org/entity/Q896918
3511,Otto Nicolai,1810-06-09,1849-05-11,Germany,http://www.wikidata.org/entity/Q154602
3515,Ottorino Respighi,1879-07-09,1936-04-18,Italy,http://www.wikidata.org/entity/Q243837
3524,Pablo Sorozábal kiko,1897-09-18,1988-12-26,Spain,http://www.wikidata.org/entity/Q2206252
3533,Pancho Vladigerov,1899-03-13,1978-09-08,Switzerland,http://www.wikidata.org/entity/Q528781
3534,Paris Francesco Alghisi,1666-06-19,1733-03-30,Italy,http://www.wikidata.org/entity/Q477358
3536,Pascal Collasse,1649-01-22,1709-07-17,France,http://www.wikidata.org/entity/Q287421
3544,Pascal Dusapin,1955-05-29,2200-01-01,France,http://www.wikidata.org/entity/Q516845
3548,Pasquale Anfossi,1727-04-05,1797-02-01,Italy,http://www.wikidata.org/entity/Q266985
3549,Pasquale Anfossi,1727-05-06,1797-02-01,Italy,http://www.wikidata.org/entity/Q266985
3550,Pasquale Anfossi,1729-01-01,1797-02-01,Italy,http://www.wikidata.org/entity/Q266985
3683,Pasquale Errichelli,1730-01-01,1785-01-01,Italy,http://www.wikidata.org/entity/Q3897049
3684,Paul Abraham,1892-11-02,1960-05-06,Serbia,http://www.wikidata.org/entity/Q158650
3698,Paul Burkhard,1911-12-21,1977-09-06,Switzerland,http://www.wikidata.org/entity/Q116397
3700,Paul Dessau,1894-12-19,1979-06-28,Germany,http://www.wikidata.org/entity/Q213613
3705,Paul Dukas,1865-10-01,1935-05-17,France,http://www.wikidata.org/entity/Q215556
3706,Paul Hindemith,1895-11-16,1963-12-28,Germany,http://www.wikidata.org/entity/Q57244
3716,Paul Le Flem,1881-03-18,1984-07-31,France,http://www.wikidata.org/entity/Q964256
3717,Paul Wranitzky,1756-12-30,1808-09-26,Czech Republic,http://www.wikidata.org/entity/Q78797
3718,Paul Wranitzky,1756-12-30,1808-09-28,Czech Republic,http://www.wikidata.org/entity/Q78797
3719,Paul Wranitzky,1756-12-30,1808-09-29,Czech Republic,http://www.wikidata.org/entity/Q78797
3720,Pavel Haas,1899-06-21,1944-10-17,Czech Republic,http://www.wikidata.org/entity/Q449748
3721,Pavel Helebrand,1960-10-25,2200-01-01,Czech Republic,http://www.wikidata.org/entity/Q3495815
3722,Petar Konjović,1883-05-05,1970-10-01,Serbia,http://www.wikidata.org/entity/Q1289465
3723,Peter Arnold Heise,1830-02-11,1879-09-12,Denmark,http://www.wikidata.org/entity/Q2075603
3724,Peter Cornelius,1824-12-24,1874-10-26,Germany,http://www.wikidata.org/entity/Q57257
3725,Peter Maxwell Davies,1934-09-08,2016-03-14,United Kingdom,http://www.wikidata.org/entity/Q139223
3734,Peter Winter,1754-08-28,1825-10-17,Germany,http://www.wikidata.org/entity/Q561047
3736,Philip Glass,1937-01-31,2200-01-01,United States of America,http://www.wikidata.org/entity/Q189729
3765,Philippe Boesmans,1936-05-17,2200-01-01,Belgium,http://www.wikidata.org/entity/Q741647
3770,Philippe Hersant,1948-06-21,2200-01-01,Italy,http://www.wikidata.org/entity/Q3380013
3771,Phyllis Tate,1911-04-06,1987-05-29,United Kingdom,http://www.wikidata.org/entity/Q1916985
3772,Pierre Dutillieu,1754-05-15,1798-06-28,France,http://www.wikidata.org/entity/Q3903442
3773,Pierre Montan Berton,1727-01-07,1780-05-14,France,http://www.wikidata.org/entity/Q178336
3775,Pierre de Bréville,1861-02-21,1949-09-24,France,http://www.wikidata.org/entity/Q240908
3776,Pierre-Alexandre Monsigny,1729-10-17,1817-01-14,France,http://www.wikidata.org/entity/Q705124
3783,Pietro Abbà Cornaglia,1851-03-20,1894-05-02,Italy,http://www.wikidata.org/entity/Q1850396
3787,Pietro Alessandro Guglielmi,1728-12-09,1804-11-19,Italy,http://www.wikidata.org/entity/Q2094389
3797,Pietro Carlo Guglielmi,1772-07-11,1817-02-28,United Kingdom,http://www.wikidata.org/entity/Q945430
3799,Pietro Generali,1773-10-23,1832-11-03,Italy,http://www.wikidata.org/entity/Q2006027
3804,Pietro Mascagni,1863-12-07,1945-08-02,Italy,http://www.wikidata.org/entity/Q181894
3819,Pietro Simone Agostini,1635-01-01,1680-10-01,Italy,http://www.wikidata.org/entity/Q3904268
3822,Pirro Albergati,1663-09-20,1735-06-22,Italy,http://www.wikidata.org/entity/Q727802
3825,Placido Mandanici,1799-07-03,1852-06-06,Italy,http://www.wikidata.org/entity/Q3906142
3826,Poul Ruders,1949-03-27,2200-01-01,Denmark,http://www.wikidata.org/entity/Q2429164
3827,Primo Riccitelli,1875-08-09,1941-03-27,Italy,http://www.wikidata.org/entity/Q2695600
3828,Prosper-Didier Deshayes,1750-01-01,1815-01-01,France,http://www.wikidata.org/entity/Q2213078
3829,Pyotr Ilyich Tchaikovsky,1840-05-07,1893-11-06,Russia,http://www.wikidata.org/entity/Q7315
3840,Péter Eötvös,1944-01-02,2200-01-01,Romania,http://www.wikidata.org/entity/Q389851
3844,Rafael Aceves y Lozano,1837-03-20,1876-02-21,Spain,http://www.wikidata.org/entity/Q3780205
3845,Ralph Benatzky,1884-06-05,1957-10-16,Czech Republic,http://www.wikidata.org/entity/Q213592
3855,Ralph Vaughan Williams,1872-10-12,1958-08-26,United Kingdom,http://www.wikidata.org/entity/Q207947
3858,Ramon Carnicer,1789-10-24,1855-03-17,Spain,http://www.wikidata.org/entity/Q1350076
3864,Raoul Laparra,1876-05-13,1943-04-04,France,http://www.wikidata.org/entity/Q2131266
3866,Reginald De Koven,1859-04-03,1920-01-16,United States of America,http://www.wikidata.org/entity/Q4350526
3871,Reginald Smith Brindle,1917-01-05,2003-09-09,United Kingdom,http://www.wikidata.org/entity/Q4424894
3872,Reinhard Keiser,1674-01-09,1739-09-12,Germany,http://www.wikidata.org/entity/Q436126
3886,Revol Bunin,1924-04-06,1976-06-03,Russia,http://www.wikidata.org/entity/Q222741
3888,Reynaldo Hahn,1874-08-09,1947-01-28,Venezuela,http://www.wikidata.org/entity/Q432938
3890,Riccardo Broschi,1698-01-01,1756-01-01,Italy,http://www.wikidata.org/entity/Q725818
3891,Riccardo Pick-Mangiagalli,1882-07-10,1949-07-08,Czech Republic,http://www.wikidata.org/entity/Q3934587
3892,Riccardo Zandonai,1883-05-28,1944-06-05,Italy,http://www.wikidata.org/entity/Q258329
3893,Riccardo Zandonai,1883-05-30,1944-06-05,Italy,http://www.wikidata.org/entity/Q258329
3910,Richard Danielpour,1956-01-28,2200-01-01,United States of America,http://www.wikidata.org/entity/Q6305677
3911,Richard Fall,1882-04-03,1945-01-01,Czech Republic,http://www.wikidata.org/entity/Q88090
3912,Richard Genée,1823-02-07,1895-06-15,Poland,http://www.wikidata.org/entity/Q694654
3915,Richard Heuberger,1850-06-18,1914-10-28,Austria,http://www.wikidata.org/entity/Q701691
3917,Richard Strauss,1864-06-11,1949-09-08,Germany,http://www.wikidata.org/entity/Q13894
3933,Richard Wagner,1813-05-22,1883-02-13,Germany,http://www.wikidata.org/entity/Q1511
3949,Ricky Ian Gordon,1956-05-15,2200-01-01,United States of America,http://www.wikidata.org/entity/Q7332099
3950,Rinaldo di Capua,1705-01-01,1780-01-01,Italy,http://www.wikidata.org/entity/Q1274506
3951,Robert Aldridge,1954-09-07,2200-01-01,United States of America,http://www.wikidata.org/entity/Q7341415
3952,Robert Beaser,1954-05-29,2200-01-01,United States of America,http://www.wikidata.org/entity/Q7341971
3953,Robert Cambert,1628-01-01,1677-01-01,France,http://www.wikidata.org/entity/Q427701
3954,Robert Moran,1937-01-08,2200-01-01,United States of America,http://www.wikidata.org/entity/Q557501
3956,Robert Planquette,1848-07-31,1903-01-28,France,http://www.wikidata.org/entity/Q1921492
3959,Robert Schumann,1810-06-08,1856-07-29,Germany,http://www.wikidata.org/entity/Q7351
3960,Robert Stolz,1880-08-25,1975-06-27,Austria,http://www.wikidata.org/entity/Q45095
3964,Robert Ward,1917-09-13,2013-04-03,United States of America,http://www.wikidata.org/entity/Q1695243
3966,Rodion Shchedrin,1932-12-16,2200-01-01,Russia,http://www.wikidata.org/entity/Q165706
3970,Rodolphe Kreutzer,1766-11-16,1831-01-06,France,http://www.wikidata.org/entity/Q336692
3973,Roger Scruton,1944-02-17,2200-01-01,United Kingdom,http://www.wikidata.org/entity/Q445939
3974,Roger Scruton,1944-02-27,2200-01-01,United Kingdom,http://www.wikidata.org/entity/Q445939
3975,Rolf Liebermann,1910-09-14,1999-01-02,Switzerland,http://www.wikidata.org/entity/Q688067
3978,Roman Vlad,1919-12-29,2013-09-21,Ukraine,http://www.wikidata.org/entity/Q2343525
3979,Rudi Stephan,1887-07-29,1915-09-29,Germany,http://www.wikidata.org/entity/Q261836
3980,Rudolf Brucci,1917-03-30,2002-10-30,Croatia,http://www.wikidata.org/entity/Q2383926
3981,Rudolf Dellinger,1857-07-08,1910-09-24,Czech Republic,http://www.wikidata.org/entity/Q2172534
3982,Rudolf Friml,1879-12-07,1972-11-12,Czech Republic,http://www.wikidata.org/entity/Q48363
3987,Rudolf Kelterborn,1931-09-03,2200-01-01,Switzerland,http://www.wikidata.org/entity/Q685080
3988,Rudolf Kubín,1909-01-10,1973-01-11,Czech Republic,http://www.wikidata.org/entity/Q4243601
3991,Rudolf Procházka,1864-02-23,1936-03-24,Czech Republic,http://www.wikidata.org/entity/Q2174510
3992,Rued Langgaard,1893-07-28,1952-07-10,Denmark,http://www.wikidata.org/entity/Q149582
3993,Ruggero Leoncavallo,1857-04-23,1919-08-09,Italy,http://www.wikidata.org/entity/Q189015
4003,Ruperto Chapí,1851-03-27,1909-03-25,Spain,http://www.wikidata.org/entity/Q964682
4005,Rutland Boughton,1878-01-23,1960-01-25,United Kingdom,http://www.wikidata.org/entity/Q673401
4008,Salvatore Agnelli,1817-01-01,1878-01-01,Italy,http://www.wikidata.org/entity/Q3470372
4019,Salvatore Allegra,1897-08-17,1993-12-09,Italy,http://www.wikidata.org/entity/Q7406622
4030,Salvatore Sciarrino,1947-04-04,2200-01-01,Italy,http://www.wikidata.org/entity/Q439786
4034,Samuel Adler,1928-03-04,2200-01-01,Germany,http://www.wikidata.org/entity/Q2079069
4038,Samuel Arnold,1740-08-10,1802-10-22,United Kingdom,http://www.wikidata.org/entity/Q1379741
4058,Samuel Barber,1910-03-09,1981-01-23,United States of America,http://www.wikidata.org/entity/Q216870
4061,Samuel L. M. Barlow,1892-06-01,1982-09-19,United States of America,http://www.wikidata.org/entity/Q2217978
4063,Saverio Mercadante,1795-09-16,1870-12-03,Italy,http://www.wikidata.org/entity/Q313980
4064,Saverio Mercadante,1795-09-16,1870-12-17,Italy,http://www.wikidata.org/entity/Q313980
4065,Saverio Mercadante,1797-06-26,1870-12-03,Italy,http://www.wikidata.org/entity/Q313980
4066,Saverio Mercadante,1797-06-26,1870-12-17,Italy,http://www.wikidata.org/entity/Q313980
4271,Scott Joplin,1867-01-01,1917-04-01,United States of America,http://www.wikidata.org/entity/Q191499
4272,Scott Joplin,1868-11-24,1917-04-01,United States of America,http://www.wikidata.org/entity/Q191499
4273,Sebastiano Nasolini,1768-01-01,1798-01-01,Italy,http://www.wikidata.org/entity/Q3953777
4274,Semyon Hulak-Artemovsky,1813-02-16,1873-04-17,Ukraine,http://www.wikidata.org/entity/Q1400433
4275,Sergei Banevich,1941-12-02,2200-01-01,Russia,http://www.wikidata.org/entity/Q4077301
4276,Sergei Cortez,1935-02-18,2016-06-26,Chile,http://www.wikidata.org/entity/Q7453493
4277,Sergei Prokofiev,1891-04-23,1953-03-05,Ukraine,http://www.wikidata.org/entity/Q49481
4290,Sergei Rachmaninoff,1873-04-01,1943-03-28,Russia,http://www.wikidata.org/entity/Q131861
4295,Sergei Slonimsky,1932-08-12,2200-01-01,Russia,http://www.wikidata.org/entity/Q959291
4296,Sergei Taneyev,1856-11-25,1915-06-19,Russia,http://www.wikidata.org/entity/Q335006
4297,Sergio Rendine,1954-09-07,2200-01-01,Italy,http://www.wikidata.org/entity/Q961167
4299,Seymour Barab,1921-01-09,2014-06-28,United States of America,http://www.wikidata.org/entity/Q7459127
4301,Shafiga Akhundova,1924-01-21,2013-07-26,Azerbaijan,http://www.wikidata.org/entity/Q4818291
4303,Siegfried Matthus,1934-04-13,2200-01-01,Russia,http://www.wikidata.org/entity/Q314654
4305,Siegfried Wagner,1869-06-06,1930-08-04,Switzerland,http://www.wikidata.org/entity/Q143867
4308,Sigmund Romberg,1887-07-29,1951-11-09,Hungary,http://www.wikidata.org/entity/Q742945
4311,Simon Mayr,1763-06-14,1845-12-02,Germany,http://www.wikidata.org/entity/Q373770
4337,Sophie Bawr,1773-10-08,1860-12-31,France,http://www.wikidata.org/entity/Q527477
4338,Stanislao Gastaldon,1861-04-08,1939-03-06,Italy,http://www.wikidata.org/entity/Q3968188
4339,Stanislav Suda,1865-04-30,1931-09-01,Czech Republic,http://www.wikidata.org/entity/Q12056020
4343,Stanisław Moniuszko,1819-05-05,1872-04-04,Belarus,http://www.wikidata.org/entity/Q217613
4344,Stanisław Moniuszko,1819-05-05,1872-06-04,Belarus,http://www.wikidata.org/entity/Q217613
4355,Stefano Gobatti,1852-07-05,1913-12-17,Italy,http://www.wikidata.org/entity/Q3972526
4356,Stefano Landi,1587-02-26,1639-10-28,Italy,http://www.wikidata.org/entity/Q381943
4357,Stefano Pavesi,1779-01-22,1850-07-28,Italy,http://www.wikidata.org/entity/Q212720
4362,Stephen Paulus,1949-08-24,2014-10-19,United States of America,http://www.wikidata.org/entity/Q3498629
4363,Steve Nieve,1958-02-19,2200-01-01,United Kingdom,http://www.wikidata.org/entity/Q3499035
4364,Stewart Wallace,1960-11-21,2200-01-01,United States of America,http://www.wikidata.org/entity/Q724690
4365,Tan Dun,1957-08-18,2200-01-01,People's Republic of China,http://www.wikidata.org/entity/Q314176
4370,Teizo Matsumura,1929-01-15,2007-08-06,Japan,http://www.wikidata.org/entity/Q2401031
4371,Terence Blanchard,1962-03-13,2200-01-01,United States of America,http://www.wikidata.org/entity/Q967230
4372,Thea Musgrave,1928-05-27,2200-01-01,United Kingdom,http://www.wikidata.org/entity/Q539794
4378,Theobaldo di Gatti,1650-01-01,1727-08-01,Italy,http://www.wikidata.org/entity/Q3523647
4379,Theodor Bradsky,1833-01-17,1881-08-10,Czech Republic,http://www.wikidata.org/entity/Q2417393
4380,Thomas Adès,1971-03-01,2200-01-01,United Kingdom,http://www.wikidata.org/entity/Q439572
4383,Thomas Arne,1710-03-12,1778-03-05,United Kingdom,http://www.wikidata.org/entity/Q309709
4428,Thomas Attwood,1765-11-23,1838-03-24,United Kingdom,http://www.wikidata.org/entity/Q2422110
4432,Thomas Dunhill,1877-02-01,1946-03-13,United Kingdom,http://www.wikidata.org/entity/Q706498
4434,Thomas German Reed,1817-06-27,1888-03-21,United Kingdom,http://www.wikidata.org/entity/Q7789995
4435,Thomas Linley the elder,1733-01-17,1795-11-19,United Kingdom,http://www.wikidata.org/entity/Q339929
4436,Thomas Pasatieri,1945-10-20,2200-01-01,United States of America,http://www.wikidata.org/entity/Q2426455
4438,Tigran Chukhajian,1837-01-01,1898-03-23,Turkey,http://www.wikidata.org/entity/Q1382028
4442,Tikhon Khrennikov,1913-06-10,2007-08-14,Russia,http://www.wikidata.org/entity/Q367830
4445,Tom Johnson,1939-11-18,2200-01-01,United States of America,http://www.wikidata.org/entity/Q1364087
4446,Tomaso Albinoni,1671-06-08,1751-01-17,Italy,http://www.wikidata.org/entity/Q174606
4491,Tommaso Giordani,1733-01-01,1806-02-23,Italy,http://www.wikidata.org/entity/Q718406
4494,Tommaso Traetta,1727-03-30,1779-04-06,Italy,http://www.wikidata.org/entity/Q266084
4500,Tomás de Torrejón y Velasco,1644-12-23,1728-04-23,Spain,http://www.wikidata.org/entity/Q324306
4501,Toshio Hosokawa,1955-10-23,2200-01-01,Japan,http://www.wikidata.org/entity/Q1483651
4502,Toussaint Bertin de la Doué,1680-01-01,1743-02-06,France,http://www.wikidata.org/entity/Q3535647
4505,Tuomas Kantelinen,1969-09-22,2200-01-01,Finland,http://www.wikidata.org/entity/Q1888492
4506,Udo Zimmermann,1943-10-06,2200-01-01,Germany,http://www.wikidata.org/entity/Q561954
4512,Ulysses Kay,1917-01-07,1995-05-20,United States of America,http://www.wikidata.org/entity/Q463708
4513,Umberto Giordano,1867-08-28,1948-11-12,Italy,http://www.wikidata.org/entity/Q294826
4524,Unsuk Chin,1961-07-14,2200-01-01,South Korea,http://www.wikidata.org/entity/Q272236
4526,Uzeyir Hajibeyov,1885-09-18,1948-11-23,Azerbaijan,http://www.wikidata.org/entity/Q317397
4534,Valentino Fioravanti,1764-09-11,1837-06-16,Italy,http://www.wikidata.org/entity/Q537653
4541,Vano Muradeli,1908-04-06,1970-08-14,Georgia,http://www.wikidata.org/entity/Q2194365
4543,Vasif Adigozalov,1935-07-28,2006-01-01,Azerbaijan,http://www.wikidata.org/entity/Q2476007
4544,Vatroslav Lisinski,1819-07-08,1854-05-31,Croatia,http://www.wikidata.org/entity/Q1277066
4546,Vicente Martín y Soler,1754-03-05,1806-02-10,Spain,http://www.wikidata.org/entity/Q377409
4547,Vicente Martín y Soler,1754-03-05,1806-02-11,Spain,http://www.wikidata.org/entity/Q377409
4548,Vicente Martín y Soler,1754-03-05,1806-03-03,Spain,http://www.wikidata.org/entity/Q377409
4549,Vicente Martín y Soler,1754-05-02,1806-02-10,Spain,http://www.wikidata.org/entity/Q377409
4550,Vicente Martín y Soler,1754-05-02,1806-02-11,Spain,http://www.wikidata.org/entity/Q377409
4551,Vicente Martín y Soler,1754-05-02,1806-03-03,Spain,http://www.wikidata.org/entity/Q377409
4576,Victor Dolidze,1890-07-30,1933-05-24,Georgia,http://www.wikidata.org/entity/Q2663412
4577,Victor Herbert,1859-02-01,1924-05-26,Ireland,http://www.wikidata.org/entity/Q1275145
4593,Victor Jacobi,1883-10-22,1921-12-10,Hungary,http://www.wikidata.org/entity/Q722724
4594,Victor Massé,1822-03-07,1884-07-05,France,http://www.wikidata.org/entity/Q1382004
4595,Victor Massé,1822-04-07,1884-07-05,France,http://www.wikidata.org/entity/Q1382004
4600,Victor Rasgado,1959-01-01,2200-01-01,Mexico,http://www.wikidata.org/entity/Q2536171
4601,Victor de Sabata,1892-04-10,1967-12-11,Italy,http://www.wikidata.org/entity/Q464890
4602,Victorin de Joncières,1839-04-12,1903-10-26,France,http://www.wikidata.org/entity/Q724933
4603,Viktor Nessler,1841-01-28,1890-05-28,France,http://www.wikidata.org/entity/Q205990
4604,Viktor Ullmann,1898-01-01,1944-10-18,Czech Republic,http://www.wikidata.org/entity/Q78530
4605,Viliam Figuš-Bystrý,1875-02-28,1937-05-11,Slovakia,http://www.wikidata.org/entity/Q438631
4606,Vincent Scotto,1874-04-21,1952-11-15,France,http://www.wikidata.org/entity/Q3083168
4607,Vincent d'Indy,1851-03-27,1931-12-02,France,http://www.wikidata.org/entity/Q313584
4608,Vincent d'Indy,1851-03-27,1931-12-03,France,http://www.wikidata.org/entity/Q313584
4611,Vincenzo Bellini,1801-11-03,1835-09-23,Italy,http://www.wikidata.org/entity/Q170209
4622,Vincenzo Fabrizi,1764-01-01,1812-01-01,Italy,http://www.wikidata.org/entity/Q1082162
4623,Vincenzo Fioravanti,1799-04-05,1877-03-28,Italy,http://www.wikidata.org/entity/Q3507615
4626,Vincenzo Legrenzio Ciampi,1719-04-02,1762-03-30,Italy,http://www.wikidata.org/entity/Q589761
4627,Vincenzo Pucitta,1778-02-17,1861-12-20,Italy,http://www.wikidata.org/entity/Q1163726
4628,Vincenzo Tommasini,1878-09-17,1950-12-23,Italy,http://www.wikidata.org/entity/Q4013555
4629,Violeta Dinescu,1953-07-13,2200-01-01,Romania,http://www.wikidata.org/entity/Q274781
4630,Virgil Thomson,1896-11-25,1989-09-30,United States of America,http://www.wikidata.org/entity/Q544485
4633,Vissarion Shebalin,1902-06-11,1963-05-28,Russia,http://www.wikidata.org/entity/Q504286
4634,Vitalij Kyrejko,1926-12-23,2016-10-19,Ukraine,http://www.wikidata.org/entity/Q12109890
4635,Vitaliy Hubarenko,1934-06-13,2000-05-05,Ukraine,http://www.wikidata.org/entity/Q6524346
4636,Vittorio Giannini,1903-10-19,1966-11-28,United States of America,http://www.wikidata.org/entity/Q1348509
4637,Vladimir Deshevov,1889-02-11,1955-10-27,Russia,http://www.wikidata.org/entity/Q2587302
4638,Vladimir Fere,1902-05-20,1971-09-02,Russia,http://www.wikidata.org/entity/Q7938325
4639,Vladimir Vlasov,1903-01-07,1986-09-07,Russia,http://www.wikidata.org/entity/Q2577026
4640,Vytautas Klova,1926-01-31,2009-12-10,Lithuania,http://www.wikidata.org/entity/Q2468065
4641,Václav Trojan,1907-04-24,1983-07-05,Czech Republic,http://www.wikidata.org/entity/Q2616291
4642,Vítězslav Novák,1870-12-05,1949-07-18,Czech Republic,http://www.wikidata.org/entity/Q347611
4646,W. Franke Harling,1887-01-18,1958-11-22,United Kingdom,http://www.wikidata.org/entity/Q331123
4647,Walter Braunfels,1882-12-19,1954-03-19,Germany,http://www.wikidata.org/entity/Q703469
4652,Walter Damrosch,1862-01-30,1950-12-22,Poland,http://www.wikidata.org/entity/Q725579
4655,Walter Goetze,1883-04-17,1961-03-24,Germany,http://www.wikidata.org/entity/Q2546790
4658,Walter Kaufmann,1907-04-01,1984-09-09,Czech Republic,http://www.wikidata.org/entity/Q872245
4660,Wenzel Müller,1767-09-26,1835-08-03,Czech Republic,http://www.wikidata.org/entity/Q725210
4661,Werner Egk,1901-05-17,1983-07-10,Germany,http://www.wikidata.org/entity/Q458775
4668,Wilhelm Kienzl,1857-01-17,1941-10-03,Austria,http://www.wikidata.org/entity/Q637353
4671,Wilhelm Stenhammar,1871-02-07,1927-11-20,Sweden,http://www.wikidata.org/entity/Q435688
4672,Will Meisel,1897-09-17,1967-04-29,Germany,http://www.wikidata.org/entity/Q1701369
4673,William Alwyn,1905-11-07,1985-09-11,United Kingdom,http://www.wikidata.org/entity/Q541685
4674,William Bolcom,1938-05-26,2200-01-01,United States of America,http://www.wikidata.org/entity/Q710714
4681,William Furst,1852-03-25,1917-07-11,United States of America,http://www.wikidata.org/entity/Q8009487
4682,William Michael Rooke,1794-09-29,1847-10-14,Ireland,http://www.wikidata.org/entity/Q8015607
4683,William Vincent Wallace,1812-03-11,1865-10-12,Ireland,http://www.wikidata.org/entity/Q2245188
4686,Wolfgang Amadeus Mozart,1756-01-27,1791-12-05,Austria,http://www.wikidata.org/entity/Q254
4711,Wolfgang Fortner,1907-10-02,1987-09-05,Germany,http://www.wikidata.org/entity/Q694204
4712,Wolfgang Fortner,1907-10-12,1987-09-05,Germany,http://www.wikidata.org/entity/Q694204
4717,Wolfgang Rihm,1952-03-13,2200-01-01,Germany,http://www.wikidata.org/entity/Q77031
4720,Władysław Żeleński,1837-07-06,1921-01-23,Poland,http://www.wikidata.org/entity/Q1391004
4722,Xavier Leroux,1863-10-11,1919-02-02,Italy,http://www.wikidata.org/entity/Q323589
4723,Xavier Montsalvatge,1912-03-11,2002-05-07,Spain,http://www.wikidata.org/entity/Q535320
4724,Yasushi Akutagawa,1925-07-12,1989-01-31,Japan,http://www.wikidata.org/entity/Q424173
4725,Yevstigney Fomin,1761-08-16,1800-04-28,Russia,http://www.wikidata.org/entity/Q728905
4726,Yuliy Meitus,1903-01-28,1997-04-02,Ukraine,http://www.wikidata.org/entity/Q4289181
4729,Yuri Shaporin,1887-11-08,1966-12-09,Ukraine,http://www.wikidata.org/entity/Q963055
4730,Zagir Ismagilov,1917-01-08,2003-05-30,Russia,http://www.wikidata.org/entity/Q4204075
4736,Zakaria Paliashvili,1871-08-16,1933-10-06,Georgia,http://www.wikidata.org/entity/Q732613
4737,Zbyněk Vostřák,1920-06-10,1985-08-04,Czech Republic,http://www.wikidata.org/entity/Q168320
4741,Zdeněk Blažek,1905-05-24,1988-06-19,Czech Republic,http://www.wikidata.org/entity/Q10857493
4742,Zdeněk Fibich,1850-12-21,1900-10-15,Czech Republic,http://www.wikidata.org/entity/Q117110
4749,Zdeněk Folprecht,1900-01-26,1961-10-29,Czech Republic,http://www.wikidata.org/entity/Q168978
4750,Zulfugar Hajibeyov,1884-04-17,1950-09-30,Azerbaijan,http://www.wikidata.org/entity/Q2351779
4751,Élisabeth Jacquet de La Guerre,1665-03-17,1729-06-27,France,http://www.wikidata.org/entity/Q57704
4752,Étienne Méhul,1763-06-22,1817-10-18,France,http://www.wikidata.org/entity/Q364020
4771,"Мшвелидзе, Шалва Михайлович",1904-08-10,1984-01-01,Georgia,http://www.wikidata.org/entity/Q4309226
4772,Халик Шакирович Заимов,1914-11-13,1977-02-09,Russia,http://www.wikidata.org/entity/Q15066763
